,City,Lng,Lat,Weather Id,Weather Main,Weather Description,Weather Icon,Base,Main Temp,Main Pressure,Humidity,Min Temp,Max Temp,Sea Level,Grnd Level,Wind Speed,Wind Deg,Cloudiness,Date,Country,Sunrise,Sunset,Timezone,id,cod
0,Mataura,168.86,-46.19,500,Rain,light rain,10d,stations,287.59,988,82,287.59,287.59,,,4.02,308.0,62,1575422788,NZ,1575391711,1575447642,46800,6201424,200
1,Saldanha,-6.55,41.42,800,Clear,clear sky,01n,model,274.13,1017,85,274.13,274.13,1017.0,939.0,2.61,54.0,0,1575422788,PT,1575444945,1575478629,0,2737599,200
2,Taltal,-70.49,-25.41,800,Clear,clear sky,01n,model,286.98,1013,84,286.98,286.98,1013.0,966.0,2.19,226.0,0,1575422788,CL,1575366203,1575415223,-10800,3870243,200
3,Storm Lake,-95.21,42.64,800,Clear,clear sky,01n,stations,273.15,1008,88,272.59,273.71,,,6.2,270.0,1,1575422788,US,1575380002,1575413293,-21600,4877655,200
4,Saint Marys,-78.56,41.43,804,Clouds,overcast clouds,04n,stations,271.3,1003,92,269.82,272.59,,,4.49,260.0,90,1575422788,US,1575375781,1575409519,-18000,5210117,200
5,Mar del Plata,-67.52,-46.43,802,Clouds,scattered clouds,03n,model,285.91,1018,60,285.91,285.91,1018.0,1008.0,3.63,66.0,41,1575422728,AR,1575361994,1575418006,-10800,3863379,200
6,Rikitea,-134.97,-23.12,500,Rain,light rain,10d,model,297.77,1014,86,297.77,297.77,1014.0,1014.0,6.93,96.0,62,1575422789,PF,1575381957,1575430427,-32400,4030556,200
7,Punta Cardon,-70.22,11.61,800,Clear,clear sky,01n,model,301.24,1009,79,301.24,301.24,1009.0,1008.0,10.98,76.0,1,1575422789,VE,1575369976,1575411321,-14400,3629614,200
8,Busselton,115.35,-33.64,802,Clouds,scattered clouds,03d,stations,299.99,1015,67,297.59,302.04,,,1.34,186.0,42,1575422789,AU,1575406881,1575458164,28800,2075265,200
9,Tandalti,31.87,13.01,800,Clear,clear sky,01n,model,296.45,1010,34,296.45,296.45,1010.0,962.0,5.0,345.0,0,1575422789,SD,1575432039,1575473087,7200,366426,200
10,Yellowknife,-114.38,62.45,802,Clouds,scattered clouds,03n,stations,255.15,1003,77,255.15,255.15,,,6.7,340.0,40,1575422506,CA,1575391200,1575411299,-25200,6185377,200
11,Upernavik,-56.15,72.79,804,Clouds,overcast clouds,04n,model,261.51,986,59,261.51,261.51,986.0,983.0,4.34,113.0,100,1575422789,GL,0,0,-10800,3418910,200
12,Geraldton,-86.95,49.72,600,Snow,light snow,13n,stations,268.15,993,92,268.15,268.15,,,1.0,,90,1575422789,CA,1575379556,1575409773,-18000,5960603,200
13,Cap-aux-Meules,-61.86,47.38,701,Mist,mist,50n,stations,277.15,984,93,277.15,277.15,,,3.1,100.0,90,1575422789,CA,1575372968,1575404315,-14400,5915327,200
14,Aksay,53.01,51.17,804,Clouds,overcast clouds,04n,model,267.73,1019,43,267.73,267.73,1019.0,1009.0,4.53,161.0,100,1575422789,KZ,1575432796,1575462181,18000,610613,200
15,Ushuaia,-68.31,-54.81,803,Clouds,broken clouds,04n,stations,283.15,1009,71,283.15,283.15,,,9.3,230.0,75,1575422591,AR,1575359698,1575420681,-10800,3833367,200
16,Mahebourg,57.7,-20.41,802,Clouds,scattered clouds,03d,stations,297.41,1015,78,297.15,297.59,,,3.1,100.0,40,1575422790,MU,1575422436,1575470289,14400,934322,200
17,Bafoulabe,-10.83,13.81,803,Clouds,broken clouds,04n,model,297.08,1012,16,297.08,297.08,1012.0,994.0,1.97,8.0,54,1575422790,ML,1575442373,1575483255,0,2460755,200
18,Sao Filipe,-24.5,14.9,804,Clouds,overcast clouds,04n,model,295.32,1016,81,295.32,295.32,1016.0,996.0,7.0,67.0,100,1575422790,CV,1575445769,1575486423,-3600,3374210,200
19,Kawasaki,139.71,35.52,801,Clouds,few clouds,02d,stations,285.27,1017,32,283.71,286.15,,,1.0,,20,1575422790,JP,1575408852,1575444497,32400,1859642,200
20,Punta Arenas,-70.91,-53.16,803,Clouds,broken clouds,04n,stations,285.03,1015,62,284.82,285.15,,,11.8,260.0,75,1575422790,CL,1575360913,1575420715,-10800,3874787,200
21,Kapaa,-159.32,22.08,500,Rain,light rain,10d,stations,299.27,1015,69,297.59,300.15,,,4.6,80.0,90,1575422591,US,1575392480,1575431595,-36000,5848280,200
22,Nishihara,139.53,35.74,801,Clouds,few clouds,02d,stations,285.29,1017,36,283.71,286.15,,,1.0,,20,1575422790,JP,1575408928,1575444507,32400,1850144,200
23,Codrington,153.24,-28.95,800,Clear,clear sky,01d,stations,303.79,1010,12,301.15,305.93,,,3.1,30.0,0,1575422790,AU,1575398452,1575448401,39600,2160063,200
24,Grindavik,-22.43,63.84,803,Clouds,broken clouds,04n,stations,274.62,977,69,274.15,275.15,,,5.7,240.0,75,1575422790,IS,1575456648,1575474550,0,3416888,200
25,Colares,-9.45,38.8,800,Clear,clear sky,01n,stations,281.68,1013,81,279.82,282.59,,,3.1,310.0,0,1575422791,PT,1575445189,1575479777,0,2269142,200
26,Hay River,-115.79,60.82,600,Snow,light snow,13n,stations,260.15,1007,78,260.15,260.15,,,9.8,320.0,90,1575422791,CA,1575390557,1575412618,-25200,5972762,200
27,Jamestown,138.6,-33.21,802,Clouds,scattered clouds,03d,model,292.61,1017,36,292.61,292.61,1017.0,961.0,3.07,220.0,50,1575422791,AU,1575401366,1575452517,37800,2069194,200
28,Kedrovyy,91.82,56.17,803,Clouds,broken clouds,04n,stations,259.15,1025,92,259.15,259.15,,,2.0,,78,1575422791,RU,1575425073,1575451269,25200,1538641,200
29,Albany,-73.75,42.65,802,Clouds,scattered clouds,03n,stations,269.31,1001,58,266.48,272.15,,,6.2,310.0,40,1575422558,US,1575374849,1575408141,-18000,5106834,200
30,Hobart,147.33,-42.88,802,Clouds,scattered clouds,03d,stations,286.16,996,58,283.71,288.15,,,13.4,280.0,40,1575422695,AU,1575397599,1575452092,39600,2163355,200
31,Beyla,-8.65,8.69,800,Clear,clear sky,01n,model,293.85,1013,36,293.85,293.85,1013.0,936.0,1.04,318.0,0,1575422791,GN,1575441331,1575483251,0,2423126,200
32,Georgetown,-58.16,6.8,802,Clouds,scattered clouds,03n,stations,298.15,1012,94,298.15,298.15,,,2.1,60.0,40,1575422791,GY,1575366602,1575408904,-14400,3378644,200
33,Douglas,-134.39,58.28,501,Rain,moderate rain,10n,stations,274.04,1004,97,273.15,274.82,,,3.6,80.0,90,1575422791,US,1575393781,1575418325,-32400,5554072,200
34,Half Moon Bay,-122.43,37.46,800,Clear,clear sky,01n,stations,286.6,1014,93,284.82,288.15,,,2.17,110.0,1,1575422791,US,1575385649,1575420714,-28800,5354943,200
35,Nurlat,50.8,54.43,804,Clouds,overcast clouds,04n,model,266.63,1016,71,266.63,266.63,1016.0,1000.0,5.1,158.0,100,1575422791,RU,1575434314,1575461724,10800,516716,200
36,New Norfolk,147.06,-42.78,802,Clouds,scattered clouds,03d,stations,286.17,996,56,283.71,288.15,,,13.4,280.0,40,1575422792,AU,1575397684,1575452136,39600,2155415,200
37,Provideniya,-173.23,64.42,600,Snow,light snow,13n,stations,268.15,1021,85,268.15,268.15,,,4.0,350.0,90,1575422792,RU,1575493394,1575510208,43200,4031574,200
38,Ribeira Grande,-28.7,38.52,804,Clouds,overcast clouds,04n,model,287.64,1029,73,287.64,287.64,1029.0,1004.0,6.37,30.0,97,1575422792,PT,1575449766,1575484443,-3600,3372707,200
39,Sorland,12.69,67.67,520,Rain,light intensity shower rain,09n,stations,281.15,986,81,281.15,281.15,,,9.3,260.0,75,1575422792,NO,1575452888,1575461447,3600,3137469,200
40,San Cristobal,-86.92,14.68,500,Rain,light rain,10n,model,291.95,1014,89,291.95,291.95,1014.0,911.0,1.28,333.0,100,1575422792,HN,1575374299,1575415016,-21600,3609418,200
41,Okhotsk,143.24,59.36,804,Clouds,overcast clouds,04d,model,254.42,1015,60,254.42,254.42,1015.0,1009.0,11.43,341.0,89,1575422792,RU,1575414071,1575437584,36000,2122605,200
42,Vila Velha,-38.6,-3.71,801,Clouds,few clouds,02n,stations,300.71,1011,74,300.37,301.15,,,4.1,70.0,20,1575422694,BR,1575360880,1575405234,-10800,6320062,200
43,Coihaique,-72.07,-45.58,802,Clouds,scattered clouds,03n,stations,286.15,1022,58,286.15,286.15,,,1.5,10.0,25,1575422792,CL,1575363282,1575418902,-10800,3894426,200
44,Noumea,166.46,-22.28,804,Clouds,overcast clouds,04d,stations,307.15,1011,38,307.15,307.15,,,6.2,240.0,98,1575422792,NC,1575396114,1575444391,39600,2139521,200
45,Severo-Kurilsk,156.12,50.68,600,Snow,light snow,13d,model,267.96,991,74,267.96,267.96,991.0,953.0,6.41,222.0,71,1575422792,RU,1575407894,1575437576,39600,2121385,200
46,Lavrentiya,-170.99,65.58,802,Clouds,scattered clouds,03n,model,263.79,1021,82,263.79,263.79,1021.0,1016.0,3.41,342.0,34,1575422792,RU,1575493998,1575508528,43200,4031637,200
47,Pisco,-76.2,-13.71,701,Mist,mist,50n,stations,292.83,1013,88,292.59,293.15,,,2.6,360.0,90,1575422793,PE,1575368897,1575415270,-18000,3932145,200
48,Cape Town,18.42,-33.93,800,Clear,clear sky,01n,stations,288.01,1024,58,287.04,288.71,,,11.8,150.0,0,1575422793,ZA,1575430099,1575481485,7200,3369157,200
49,Sitka,-99.65,37.17,803,Clouds,broken clouds,04n,model,285.05,1016,40,285.05,285.05,1016.0,951.0,4.35,339.0,59,1575422793,US,1575380133,1575415293,-21600,4267710,200
50,Ngunguru,174.5,-35.62,800,Clear,clear sky,01d,stations,294.82,1014,70,294.82,294.82,,,1.79,308.0,0,1575422793,NZ,1575392380,1575444266,46800,2186111,200
51,Fare,-151.02,-16.7,802,Clouds,scattered clouds,03d,model,301.75,1012,69,301.75,301.75,1012.0,1011.0,3.67,27.0,44,1575422793,PF,1575386538,1575433553,-36000,4034496,200
52,Vaini,74.49,15.34,803,Clouds,broken clouds,04d,stations,292.15,1017,88,292.15,292.15,,,3.1,90.0,75,1575422793,IN,1575422048,1575462616,19800,1273574,200
53,Tura,100.22,64.27,804,Clouds,overcast clouds,04n,model,246.05,1031,92,246.05,246.05,1031.0,977.0,2.75,188.0,99,1575422793,RU,1575427515,1575444795,25200,2014833,200
54,Bredasdorp,20.04,-34.53,804,Clouds,overcast clouds,04n,stations,284.15,1029,66,284.15,284.15,,,1.5,150.0,100,1575422793,ZA,1575429619,1575481188,7200,1015776,200
55,Salalah,54.1,17.01,804,Clouds,overcast clouds,04n,stations,298.15,1012,57,298.15,298.15,,,7.2,20.0,100,1575422793,OM,1575427119,1575467334,14400,286621,200
56,Hilo,-155.08,19.71,500,Rain,light rain,10d,stations,294.15,1015,65,285.93,299.15,,,2.6,200.0,90,1575422657,US,1575391199,1575430841,-36000,5855927,200
57,Vao,26.19,59.1,804,Clouds,overcast clouds,04n,model,274.07,1007,93,274.07,274.07,1007.0,995.0,3.86,229.0,99,1575422793,EE,1575442074,1575465780,7200,588365,200
58,Barrow,-60.23,-38.31,802,Clouds,scattered clouds,03n,model,285.27,1009,71,285.27,285.27,1009.0,1000.0,2.87,164.0,33,1575422793,AR,1575361873,1575414626,-10800,3833859,200
59,Lodwar,35.6,3.12,802,Clouds,scattered clouds,03n,model,301.8,1008,53,301.8,301.8,1008.0,945.0,2.56,105.0,43,1575422793,KE,1575430158,1575473178,10800,189280,200
60,Fort-Shevchenko,50.26,44.51,803,Clouds,broken clouds,04n,model,274.96,1017,83,274.96,274.96,1017.0,1005.0,2.82,133.0,82,1575422794,KZ,1575431890,1575464407,18000,609906,200
61,Hithadhoo,73.08,-0.6,801,Clouds,few clouds,02d,model,301.28,1009,75,301.28,301.28,1009.0,1009.0,2.99,82.0,19,1575422794,MV,1575420796,1575464544,18000,1282256,200
62,Bethel,-161.76,60.79,800,Clear,clear sky,01d,stations,259.18,1016,91,257.15,260.15,,,4.6,10.0,1,1575422794,US,1575401589,1575423658,-32400,5880568,200
63,Thompson,-97.86,55.74,600,Snow,light snow,13n,stations,261.15,1000,78,261.15,261.15,,,1.5,10.0,75,1575422794,CA,1575383994,1575410573,-21600,6165406,200
64,Port Hardy,-127.42,50.7,501,Rain,moderate rain,10n,stations,279.15,1012,100,279.15,279.15,,,2.6,280.0,90,1575422610,CA,1575389533,1575419227,-28800,6111862,200
65,Srednekolymsk,153.71,67.46,804,Clouds,overcast clouds,04d,model,243.37,1038,97,243.37,243.37,1038.0,1033.0,1.9,240.0,100,1575422794,RU,1575418503,1575428125,39600,2121025,200
66,Cabo San Lucas,-109.91,22.89,800,Clear,clear sky,01n,stations,295.75,1017,78,294.26,297.59,,,2.1,240.0,5,1575422635,MX,1575380709,1575419644,-25200,3985710,200
67,Pangnirtung,-65.72,66.15,600,Snow,light snow,13n,model,249.04,994,100,249.04,249.04,994.0,961.0,3.26,317.0,100,1575422794,CA,1575382734,1575396402,-18000,6096551,200
68,Puerto Ayora,-90.35,-0.74,803,Clouds,broken clouds,04n,stations,296.89,1012,65,294.82,298.15,,,5.7,140.0,75,1575422794,EC,1575373593,1575417368,-21600,3652764,200
69,Alta Floresta,-56.08,-9.87,500,Rain,light rain,10n,model,296.08,1010,94,296.08,296.08,1010.0,977.0,1.16,180.0,95,1575422794,BR,1575364463,1575410044,-14400,6316343,200
70,Klaksvik,-6.59,62.23,500,Rain,light rain,10n,stations,282.15,991,93,282.15,282.15,,,9.8,170.0,99,1575422794,FO,1575451680,1575471912,0,2618795,200
71,Port Alfred,26.89,-33.59,500,Rain,light rain,10n,stations,290.37,1026,65,290.37,290.37,,,2.68,216.0,50,1575422794,ZA,1575428118,1575479400,7200,964432,200
72,Airai,125.41,-8.93,802,Clouds,scattered clouds,03d,model,299.28,1011,54,299.28,299.28,1011.0,906.0,1.64,140.0,42,1575422794,TL,1575407409,1575452806,32400,1651810,200
73,Ekibastuz,75.32,51.72,804,Clouds,overcast clouds,04n,model,267.92,1029,96,267.92,267.92,1029.0,998.0,1.67,1.0,100,1575422795,KZ,1575427590,1575456675,21600,1524325,200
74,Keti Bandar,67.45,24.14,802,Clouds,scattered clouds,03n,model,294.79,1014,26,294.79,294.79,1014.0,1014.0,6.68,49.0,35,1575422795,PK,1575424708,1575463336,18000,1174451,200
75,Saint-Philippe,-73.48,45.36,800,Clear,clear sky,01n,stations,270.26,999,58,269.15,271.48,,,3.6,260.0,1,1575422795,CA,1575375320,1575407542,-18000,6138908,200
76,Sri Aman,111.46,1.24,803,Clouds,broken clouds,04d,stations,297.49,1012,88,297.04,299.15,,,0.5,,75,1575422795,MY,1575411762,1575455150,28800,1735799,200
77,Ivanivka,34.54,46.71,804,Clouds,overcast clouds,04n,model,273.23,1024,78,273.23,273.23,1024.0,1021.0,4.12,327.0,96,1575422795,UA,1575436132,1575467713,7200,707453,200
78,Lakatoro,167.42,-16.11,803,Clouds,broken clouds,04d,stations,303.15,1010,79,303.15,303.15,,,4.6,110.0,81,1575422795,VU,1575396578,1575443467,39600,2136697,200
79,San Quintin,120.52,17.54,500,Rain,light rain,10d,model,298.44,1012,82,298.44,298.44,1012.0,995.0,2.88,27.0,100,1575422795,PH,1575411228,1575451335,28800,1688687,200
80,Dikson,80.55,73.51,804,Clouds,overcast clouds,04n,model,256.93,1013,88,256.93,256.93,1013.0,1012.0,4.71,134.0,100,1575422795,RU,0,0,25200,1507390,200
81,Kodiak,-94.76,39.95,800,Clear,clear sky,01n,stations,279.6,1012,69,276.15,281.48,,,3.1,260.0,1,1575422795,US,1575379413,1575413666,-21600,4407665,200
82,Rio Grande,-52.1,-32.03,803,Clouds,broken clouds,04n,stations,292.59,1011,74,292.59,292.59,,,0.89,84.0,67,1575422766,BR,1575360907,1575411689,-10800,3451138,200
83,Bluff,149.07,-23.58,802,Clouds,scattered clouds,03d,model,305.77,1012,16,305.77,305.77,1012.0,992.0,7.18,127.0,27,1575422795,AU,1575400134,1575448721,36000,2175403,200
84,Gedo,37.45,9.01,500,Rain,light rain,10n,model,286.49,1015,87,286.49,286.49,1015.0,777.0,0.96,94.0,95,1575422795,ET,1575430295,1575472152,10800,337083,200
85,Saint-Chamond,4.51,45.47,800,Clear,clear sky,01n,stations,271.37,1021,92,269.82,272.15,,,2.1,150.0,0,1575422796,FR,1575443077,1575475186,3600,2981206,200
86,Clearlake,-122.63,38.96,801,Clouds,few clouds,02n,stations,286.0,1015,93,284.26,287.04,,,1.39,46.0,20,1575422796,US,1575385940,1575420520,-28800,5337908,200
87,Birin,88.07,26.89,800,Clear,clear sky,01d,model,278.93,1021,91,278.93,278.93,1021.0,823.0,1.9,16.0,0,1575422796,NP,1575420087,1575458057,20700,1283334,200
88,Kidal,1.41,18.44,801,Clouds,few clouds,02n,model,294.07,1013,14,294.07,294.07,1013.0,958.0,2.72,141.0,16,1575422796,ML,1575439924,1575479828,0,2455290,200
89,Winnemucca,-117.74,40.97,701,Mist,mist,50n,stations,274.2,1022,93,273.71,275.15,,,2.6,60.0,90,1575422796,US,1575385109,1575419003,-28800,5710360,200
90,Castro,-73.76,-42.48,801,Clouds,few clouds,02n,stations,284.15,1023,71,284.15,284.15,,,3.6,220.0,14,1575422796,CL,1575364347,1575418648,-10800,3896218,200
91,Kaeo,173.78,-35.1,800,Clear,clear sky,01d,stations,296.22,1010,71,294.82,299.26,,,3.93,337.0,0,1575422796,NZ,1575392635,1575444357,46800,2189343,200
92,Cidreira,-50.22,-30.17,800,Clear,clear sky,01n,model,294.01,1013,72,294.01,294.01,1013.0,1012.0,12.41,46.0,0,1575422796,BR,1575360717,1575410976,-10800,3466165,200
93,Doka,35.76,13.52,800,Clear,clear sky,01n,model,295.69,1009,33,295.69,295.69,1009.0,936.0,2.72,28.0,1,1575422796,SD,1575431158,1575472101,7200,376332,200
94,Sumbuya,-11.96,7.65,800,Clear,clear sky,01n,model,297.72,1011,90,297.72,297.72,1011.0,1009.0,0.92,282.0,0,1575422796,SL,1575442022,1575484149,0,2403698,200
95,Nortelandia,-56.8,-14.45,802,Clouds,scattered clouds,03n,model,297.46,1009,81,297.46,297.46,1009.0,970.0,1.49,321.0,49,1575422796,BR,1575364163,1575410690,-14400,3456248,200
96,Carnarvon,22.13,-30.97,800,Clear,clear sky,01n,model,279.18,1024,75,279.18,279.18,1024.0,874.0,10.56,135.0,0,1575422797,ZA,1575429642,1575480161,7200,1014034,200
97,Cairns,145.77,-16.92,804,Clouds,overcast clouds,04d,stations,305.27,1010,66,304.15,305.93,,,3.6,10.0,100,1575422554,AU,1575401687,1575448753,36000,2172797,200
98,Faanui,-151.75,-16.48,500,Rain,light rain,10d,model,301.56,1011,71,301.56,301.56,1011.0,1011.0,3.42,19.0,75,1575422797,PF,1575386737,1575433704,-36000,4034551,200
99,Nanortalik,-45.24,60.14,600,Snow,light snow,13n,model,270.39,993,64,270.39,270.39,993.0,987.0,14.71,303.0,100,1575422797,GL,1575373240,1575396062,-10800,3421765,200
100,Luderitz,15.16,-26.65,800,Clear,clear sky,01n,stations,290.15,1012,55,290.15,290.15,,,3.1,190.0,3,1575422797,NA,1575431893,1575481256,7200,3355672,200
101,Tasiilaq,-37.64,65.61,600,Snow,light snow,13n,stations,271.15,964,79,271.15,271.15,,,3.6,80.0,91,1575422797,GL,1575375367,1575390286,-10800,3424607,200
102,Kaitangata,169.85,-46.28,803,Clouds,broken clouds,04d,stations,293.71,985,41,293.71,293.71,,,9.39,315.0,83,1575422797,NZ,1575391453,1575447426,46800,2208248,200
103,Iqaluit,-68.52,63.75,801,Clouds,few clouds,02n,stations,252.15,1000,70,252.15,252.15,,,2.1,20.0,20,1575422797,CA,1575381106,1575399374,-18000,5983720,200
104,Tiksi,128.87,71.64,802,Clouds,scattered clouds,03n,model,237.48,1040,98,237.48,237.48,1040.0,1022.0,0.12,161.0,29,1575422797,RU,0,0,32400,2015306,200
105,Zykovo,40.35,55.24,802,Clouds,scattered clouds,03n,stations,269.26,995,96,269.26,269.26,,,2.24,248.0,47,1575422797,RU,1575437102,1575463953,10800,480484,200
106,Los Llanos de Aridane,-17.92,28.66,801,Clouds,few clouds,02n,stations,290.44,1020,63,289.82,291.15,,,3.6,320.0,20,1575422797,ES,1575445759,1575483273,0,2514651,200
107,Lasa,32.53,34.92,803,Clouds,broken clouds,04n,stations,284.59,1018,71,284.15,285.15,,,3.6,30.0,75,1575422797,CY,1575434501,1575470308,7200,146639,200
108,Ozernovskiy,156.52,51.5,601,Snow,snow,13d,model,272.22,990,59,272.22,272.22,990.0,978.0,11.57,217.0,100,1575422798,RU,1575408022,1575437256,43200,2122293,200
109,Suntar,117.65,62.16,800,Clear,clear sky,01d,model,237.33,1046,92,237.33,237.33,1046.0,1024.0,2.32,199.0,0,1575422798,RU,1575421772,1575442169,32400,2015913,200
110,Kaili,120.21,-3.46,803,Clouds,broken clouds,04d,model,294.37,1012,75,294.37,294.37,1012.0,853.0,0.32,212.0,77,1575422798,ID,1575409202,1575453510,28800,1638368,200
111,Yumen,97.04,40.29,800,Clear,clear sky,01d,model,264.95,1042,64,264.95,264.95,1042.0,870.0,4.88,279.0,8,1575422798,CN,1575419866,1575453970,28800,1528998,200
112,Hermanus,19.24,-34.42,803,Clouds,broken clouds,04n,stations,287.59,1023,55,287.59,287.59,,,2.68,147.0,54,1575422798,ZA,1575429828,1575481363,7200,3366880,200
113,Weligama,80.42,5.97,803,Clouds,broken clouds,04d,model,296.09,1009,92,296.09,296.09,1009.0,1005.0,1.36,37.0,73,1575422798,LK,1575419678,1575462139,19800,1223738,200
114,Novyy Nekouz,38.06,57.91,804,Clouds,overcast clouds,04n,model,269.26,1009,90,269.26,269.26,1009.0,991.0,2.51,245.0,100,1575422798,RU,1575438687,1575463468,10800,516935,200
115,Waitati,170.57,-45.75,500,Rain,light rain,10d,model,288.56,987,70,288.56,288.56,987.0,986.0,5.95,34.0,100,1575422798,NZ,1575391403,1575447130,46800,2179825,200
116,Bambous Virieux,57.76,-20.34,802,Clouds,scattered clouds,03d,stations,297.41,1015,78,297.15,297.59,,,3.1,100.0,40,1575422799,MU,1575422430,1575470266,14400,1106677,200
117,Saskylakh,114.09,71.97,800,Clear,clear sky,01n,model,235.68,1035,98,235.68,235.68,1035.0,1023.0,2.74,127.0,0,1575422799,RU,0,0,32400,2017155,200
118,Faya,42.45,18.39,800,Clear,clear sky,01n,stations,288.48,1022,47,287.15,289.15,,,0.22,130.0,0,1575422799,SA,1575430064,1575469982,10800,110690,200
119,Bergen,5.33,60.39,803,Clouds,broken clouds,04n,stations,280.66,1014,100,279.82,281.48,,,5.1,220.0,75,1575422799,NO,1575447734,1575470135,3600,3161733,200
120,Gwadar,62.33,25.12,802,Clouds,scattered clouds,03n,model,297.36,1016,53,297.36,297.36,1016.0,1015.0,4.83,32.0,38,1575422799,PK,1575426053,1575464449,18000,1177446,200
121,Arraial do Cabo,-42.02,-22.97,802,Clouds,scattered clouds,03n,model,295.56,1017,72,295.56,295.56,1017.0,1016.0,5.07,91.0,26,1575422799,BR,1575359665,1575408091,-10800,3471451,200
122,Chokurdakh,147.9,70.62,803,Clouds,broken clouds,04n,model,244.26,1040,99,244.26,244.26,1040.0,1039.0,1.38,42.0,79,1575422799,RU,0,0,39600,2126123,200
123,Adrar,-0.29,27.87,800,Clear,clear sky,01n,stations,284.15,1011,46,284.15,284.15,,,3.6,210.0,0,1575422799,DZ,1575441426,1575479142,3600,2508813,200
124,Khatanga,102.47,71.98,800,Clear,clear sky,01n,model,239.79,1029,85,239.79,239.79,1029.0,1024.0,4.44,73.0,0,1575422799,RU,0,0,25200,2022572,200
125,San Patricio,-56.83,-26.98,801,Clouds,few clouds,02n,model,297.18,1007,41,297.18,297.18,1007.0,994.0,2.05,172.0,22,1575422799,PY,1575362726,1575412141,-10800,3437029,200
126,Deputatskiy,139.9,69.3,803,Clouds,broken clouds,04n,model,238.03,1040,100,238.03,238.03,1040.0,977.0,0.5,97.0,78,1575422799,RU,0,0,36000,2028164,200
127,Nikolskoye,30.79,59.7,804,Clouds,overcast clouds,04n,stations,273.15,1004,87,273.15,273.15,,,7.0,220.0,97,1575422799,RU,1575441260,1575464385,10800,546105,200
128,Flinders,150.85,-34.58,800,Clear,clear sky,01d,stations,300.13,1007,15,297.04,302.59,,,7.2,280.0,0,1575422799,AU,1575398218,1575449782,39600,6255012,200
129,Urubicha,-63.08,-15.63,803,Clouds,broken clouds,04n,model,299.4,1007,70,299.4,299.4,1007.0,980.0,1.94,343.0,61,1575422800,BO,1575365545,1575412323,-14400,3923644,200
130,Price,-110.81,39.6,804,Clouds,overcast clouds,04n,stations,273.37,1029,79,272.59,273.71,,,0.45,329.0,86,1575422800,US,1575383208,1575417577,-25200,5545269,200
131,Coahuayana,-100.35,18.62,800,Clear,clear sky,01n,model,298.71,1013,57,298.71,298.71,1013.0,948.0,0.35,246.0,0,1575422800,MX,1575377939,1575417823,-21600,3981460,200
132,Pokhara,83.99,28.21,800,Clear,clear sky,01d,model,282.67,1022,82,282.67,282.67,1022.0,927.0,1.25,325.0,0,1575422800,NP,1575421231,1575458871,20700,1282898,200
133,Nantucket,-70.1,41.28,803,Clouds,broken clouds,04n,stations,273.71,996,64,271.15,275.37,,,8.7,310.0,75,1575422800,US,1575373722,1575407516,-18000,4944903,200
134,Esperance,121.89,-33.86,802,Clouds,scattered clouds,03d,stations,304.15,1012,22,304.15,304.15,,,9.8,320.0,40,1575422800,AU,1575405278,1575456627,28800,2071860,200
135,Meulaboh,96.13,4.14,500,Rain,light rain,10d,model,299.64,1010,80,299.64,299.64,1010.0,1009.0,0.68,164.0,88,1575422800,ID,1575415726,1575458547,25200,1214488,200
136,Inirida,-67.92,3.87,804,Clouds,overcast clouds,04n,model,297.94,1009,87,297.94,297.94,1009.0,996.0,1.2,304.0,99,1575422800,CO,1575368658,1575411534,-18000,3671450,200
137,Butaritari,172.79,3.07,803,Clouds,broken clouds,04d,model,302.04,1008,76,302.04,302.04,1008.0,1008.0,5.07,140.0,80,1575422800,KI,1575397218,1575440249,43200,2110227,200
138,Princeton,-74.66,40.35,800,Clear,clear sky,01n,stations,273.22,1003,55,270.15,275.93,,,2.1,260.0,1,1575422637,US,1575374654,1575408774,-18000,5102922,200
139,Hovd,10.7,63.83,300,Drizzle,light intensity drizzle,09n,stations,280.7,1005,81,278.71,282.59,,,9.3,260.0,75,1575422800,NO,1575448675,1575466616,3600,7626384,200
140,Mizdah,12.98,31.45,802,Clouds,scattered clouds,03n,model,287.42,1014,32,287.42,287.42,1014.0,951.0,0.34,87.0,31,1575422800,LY,1575438706,1575475491,7200,2214827,200
141,Tuktoyaktuk,-133.03,69.44,600,Snow,light snow,13n,stations,250.15,1020,83,250.15,250.15,,,3.6,320.0,90,1575422801,CA,0,0,-25200,6170031,200
142,Prince Rupert,-130.32,54.32,500,Rain,light rain,10n,stations,276.15,1011,93,276.15,276.15,,,2.1,180.0,90,1575422655,CA,1575391302,1575418849,-28800,6113406,200
143,Omsukchan,155.8,62.53,804,Clouds,overcast clouds,04d,model,237.57,1029,99,237.57,237.57,1029.0,929.0,6.04,6.0,100,1575422801,RU,1575412844,1575432780,39600,2122493,200
144,Harper,-99.24,30.3,800,Clear,clear sky,01n,stations,287.53,1015,43,285.15,290.37,,,1.5,290.0,1,1575422801,US,1575379052,1575416177,-21600,4696310,200
145,Guisijan,122.05,11.09,804,Clouds,overcast clouds,04d,model,299.75,1010,77,299.75,299.75,1010.0,1004.0,1.97,108.0,100,1575422801,PH,1575410193,1575451636,28800,1712224,200
146,Bijie,105.3,27.3,600,Snow,light snow,13d,model,275.69,1034,95,275.69,275.69,1034.0,865.0,1.55,50.0,100,1575422801,CN,1575416000,1575453871,28800,1816373,200
147,Aswan,32.9,24.09,801,Clouds,few clouds,02n,stations,287.15,1015,44,287.15,287.15,,,6.7,10.0,13,1575422801,EG,1575432998,1575471634,7200,359792,200
148,Yulara,130.99,-25.24,800,Clear,clear sky,01d,stations,305.15,1017,16,305.15,305.15,,,5.1,80.0,0,1575422801,AU,1575404270,1575453266,34200,6355222,200
149,Tomatlan,-105.25,19.93,500,Rain,light rain,10n,model,297.06,1013,92,297.06,297.06,1013.0,969.0,1.43,263.0,16,1575422801,MX,1575379258,1575418857,-21600,3981391,200
150,Axim,-2.24,4.87,500,Rain,light rain,10n,model,298.11,1011,92,298.11,298.11,1011.0,1003.0,1.37,216.0,37,1575422801,GH,1575439414,1575482090,0,2303611,200
151,Hambantota,81.12,6.12,804,Clouds,overcast clouds,04d,stations,297.15,1009,100,297.15,297.15,,,2.1,60.0,90,1575422801,LK,1575419524,1575461956,19800,1244926,200
152,Oranjemund,16.43,-28.55,800,Clear,clear sky,01n,model,286.52,1017,72,286.52,286.52,1017.0,1002.0,4.98,149.0,1,1575422788,ZA,1575431341,1575481199,7200,3354071,200
153,Seoul,126.98,37.57,800,Clear,clear sky,01d,stations,273.95,1030,40,272.15,276.15,,,0.74,306.0,1,1575422643,KR,1575412225,1575447236,32400,1835848,200
154,Burnie,145.91,-41.05,803,Clouds,broken clouds,04d,stations,286.79,1015,52,285.93,287.59,,,9.39,220.0,57,1575422802,AU,1575398299,1575452073,39600,2173125,200
155,Hobyo,48.53,5.35,804,Clouds,overcast clouds,04n,model,298.22,1009,76,298.22,298.22,1009.0,1001.0,3.71,36.0,88,1575422802,SO,1575427273,1575469855,10800,57000,200
156,Hualmay,-77.61,-11.1,803,Clouds,broken clouds,04n,model,291.45,1015,82,291.45,291.45,1015.0,962.0,2.0,227.0,72,1575422802,PE,1575369506,1575415338,-18000,3939761,200
157,Freetown,-78.36,26.61,803,Clouds,broken clouds,04n,stations,291.15,1014,77,291.15,291.15,,,1.5,350.0,75,1575422802,BS,1575373572,1575411632,-18000,3572189,200
158,Saint-Cyr-sur-Loire,0.67,47.41,800,Clear,clear sky,01n,stations,273.89,1020,86,273.15,275.15,,,4.1,70.0,0,1575422802,FR,1575444425,1575475682,3600,2980935,200
159,Balkanabat,54.36,39.51,804,Clouds,overcast clouds,04n,model,279.62,1018,79,279.62,279.62,1018.0,974.0,0.88,71.0,96,1575422802,TM,1575429983,1575464345,18000,161616,200
160,Niceville,-86.48,30.52,800,Clear,clear sky,01n,stations,280.07,1015,75,277.15,283.15,,,2.1,300.0,1,1575422802,US,1575376017,1575413086,-21600,4165995,200
161,Bani,42.93,16.02,501,Rain,moderate rain,10n,model,299.73,1012,72,299.73,299.73,1012.0,1002.0,1.37,351.0,18,1575422802,YE,1575429696,1575470120,10800,34915,200
162,Havre-Saint-Pierre,-63.6,50.23,600,Snow,light snow,13n,stations,269.15,993,92,269.15,269.15,,,6.2,30.0,90,1575422802,CA,1575374078,1575404039,-18000,5972291,200
163,Qaanaaq,-69.36,77.48,804,Clouds,overcast clouds,04n,model,260.14,984,71,260.14,260.14,984.0,944.0,3.5,82.0,95,1575422802,GL,0,0,-14400,3831208,200
164,Assomada,-23.68,15.1,801,Clouds,few clouds,02n,stations,296.15,1016,78,296.15,296.15,,,8.2,40.0,20,1575422803,CV,1575445593,1575486205,-3600,3374888,200
165,Brae,-1.35,60.4,804,Clouds,overcast clouds,04n,stations,280.72,1006,93,280.15,281.15,,,7.7,200.0,86,1575422803,GB,1575449345,1575471732,0,2654970,200
166,Talnakh,88.39,69.49,804,Clouds,overcast clouds,04n,stations,262.15,1011,61,262.15,262.15,,,6.0,100.0,92,1575422803,RU,0,0,25200,1490256,200
167,East London,27.91,-33.02,500,Rain,light rain,10n,model,289.38,1026,72,289.38,289.38,1026.0,1022.0,7.19,250.0,75,1575422803,ZA,1575427958,1575479069,7200,1006984,200
168,Avera,-82.53,33.19,800,Clear,clear sky,01n,stations,279.04,1011,80,277.59,280.37,,,2.1,230.0,1,1575422803,US,1575375432,1575411774,-18000,4231997,200
169,Koygorodok,51.01,60.44,600,Snow,light snow,13n,model,266.48,1007,92,266.48,266.48,1007.0,988.0,3.93,197.0,99,1575422803,RU,1575436783,1575459154,10800,543396,200
170,Chiang Kham,100.3,19.53,803,Clouds,broken clouds,04d,stations,291.15,1021,100,291.15,291.15,,,0.91,79.0,75,1575422803,TH,1575416299,1575455973,25200,1611202,200
171,Along,94.8,28.17,800,Clear,clear sky,01d,model,281.9,1022,68,281.9,281.9,1022.0,932.0,2.11,336.0,7,1575422803,IN,1575418630,1575456282,19800,1278969,200
172,Montecristi,-80.66,-1.05,804,Clouds,overcast clouds,04n,stations,297.15,1012,88,297.15,297.15,,,4.1,200.0,90,1575422803,EC,1575371237,1575415072,-18000,3654055,200
173,Bandarbeyla,50.81,9.49,804,Clouds,overcast clouds,04n,model,298.65,1009,71,298.65,298.65,1009.0,1009.0,11.76,360.0,100,1575422803,SO,1575427136,1575468897,10800,64814,200
174,Sambava,50.17,-14.27,804,Clouds,overcast clouds,04n,model,295.25,1012,89,295.25,295.25,1012.0,992.0,1.4,232.0,99,1575422803,MG,1575424918,1575471422,10800,1056899,200
175,Atuona,-139.03,-9.8,801,Clouds,few clouds,02d,model,299.65,1012,77,299.65,299.65,1012.0,1011.0,6.51,38.0,23,1575422804,PF,1575384382,1575429952,-34200,4020109,200
176,Biedenkopf,8.53,50.92,802,Clouds,scattered clouds,03n,stations,274.75,1026,93,273.71,275.37,,,2.1,210.0,40,1575422804,DE,1575443412,1575472921,3600,2949229,200
177,Katsuura,134.5,33.93,802,Clouds,scattered clouds,03d,stations,283.08,1025,57,282.15,284.15,,,7.2,330.0,40,1575422804,JP,1575409870,1575445981,32400,1865309,200
178,Coruripe,-36.18,-10.12,801,Clouds,few clouds,02n,model,298.9,1013,83,298.9,298.9,1013.0,1010.0,6.4,82.0,18,1575422804,BR,1575359661,1575405291,-10800,3465329,200
179,Chaiya,74.48,29.28,804,Clouds,overcast clouds,04n,model,287.52,1019,25,287.52,287.52,1019.0,996.0,0.41,347.0,100,1575422804,IN,1575423651,1575461017,19800,1258295,200
180,Ryotsu,138.43,38.08,500,Rain,light rain,10d,stations,279.72,1019,81,279.15,280.15,,,2.1,360.0,90,1575422804,JP,1575409557,1575444407,32400,1853371,200
181,Tigil,158.67,57.8,804,Clouds,overcast clouds,04d,model,260.06,997,78,260.06,260.06,997.0,990.0,5.32,48.0,93,1575422804,RU,1575409660,1575434586,43200,2120612,200
182,Kajaani,27.73,64.22,600,Snow,light snow,13n,stations,271.15,991,92,271.15,271.15,,,4.1,200.0,90,1575422804,FI,1575444902,1575462212,7200,654901,200
183,Saint-Joseph,6.97,43.56,800,Clear,clear sky,01n,stations,280.45,1020,87,275.93,285.93,,,2.1,10.0,0,1575422804,FR,1575442099,1575474983,3600,3037456,200
184,Muroto,134.14,33.37,801,Clouds,few clouds,02d,stations,283.15,1025,63,283.15,283.15,,,1.0,,20,1575422804,JP,1575409877,1575446147,32400,1856392,200
185,Mahabaleshwar,73.66,17.92,804,Clouds,overcast clouds,04d,model,294.05,1013,75,294.05,294.05,1013.0,979.0,2.22,91.0,99,1575422804,IN,1575422520,1575462542,19800,1264491,200
186,Surt,16.59,31.21,800,Clear,clear sky,01n,model,291.89,1016,28,291.89,291.89,1016.0,1007.0,5.65,179.0,0,1575422805,LY,1575437806,1575474657,7200,2210554,200
187,Tubuala,-79.03,9.52,801,Clouds,few clouds,02n,stations,300.15,1009,83,300.15,300.15,,,3.6,300.0,20,1575422805,PA,1575371881,1575413645,-18000,3700393,200
188,Dingle,122.67,11.0,500,Rain,light rain,10d,model,299.04,1010,87,299.04,299.04,1010.0,994.0,1.71,204.0,100,1575422805,PH,1575410035,1575451496,28800,1714733,200
189,Alofi,-169.92,-19.06,802,Clouds,scattered clouds,03d,stations,302.15,1012,66,302.15,302.15,,,5.1,180.0,40,1575422805,NU,1575390815,1575438351,-39600,4036284,200
190,Kunyang,120.56,27.66,800,Clear,clear sky,01d,model,279.93,1031,60,279.93,279.93,1031.0,1016.0,1.72,319.0,0,1575422805,CN,1575412380,1575450163,28800,1804645,200
191,Candelaria,121.42,13.93,500,Rain,light rain,10d,model,297.56,1010,94,297.56,297.56,1010.0,975.0,2.23,107.0,50,1575422805,PH,1575410634,1575451497,28800,1719274,200
192,Las Vegas,-115.15,36.17,804,Clouds,overcast clouds,04n,stations,285.13,1019,44,283.15,287.15,,,1.24,301.0,90,1575422706,US,1575383701,1575419167,-28800,5506956,200
193,Nago,10.89,45.88,802,Clouds,scattered clouds,03n,stations,275.0,1027,69,270.93,278.15,,,2.1,360.0,40,1575422805,IT,1575441631,1575473568,3600,3172402,200
194,Rena,-5.81,39.05,800,Clear,clear sky,01n,stations,280.93,1012,90,280.93,280.93,,,1.34,32.0,0,1575422805,ES,1575444356,1575478862,3600,2511936,200
195,Vardo,-77.74,39.62,804,Clouds,overcast clouds,04n,stations,275.09,1005,64,273.15,276.48,,,2.6,250.0,90,1575422805,US,1575375269,1575409637,-18000,4372777,200
196,Penzance,-5.53,50.12,800,Clear,clear sky,01n,stations,280.61,1020,86,278.15,283.15,,,4.6,150.0,0,1575422805,GB,1575446576,1575476507,0,2640377,200
197,Amapa,-87.97,15.09,803,Clouds,broken clouds,04n,stations,297.15,1015,83,297.15,297.15,,,2.6,240.0,75,1575422805,HN,1575374593,1575415225,-21600,3603330,200
198,Fortuna,-124.16,40.6,800,Clear,clear sky,01n,stations,285.33,1016,87,282.59,286.48,,,3.6,270.0,1,1575422805,US,1575386586,1575420609,-28800,5563839,200
199,Zhuhai,112.04,40.71,701,Mist,mist,50d,stations,259.15,1031,77,259.15,259.15,,,2.0,50.0,0,1575422806,CN,1575416337,1575450297,28800,2052479,200
200,Biak,122.88,-0.91,804,Clouds,overcast clouds,04d,model,300.89,1011,70,300.89,300.89,1011.0,1010.0,0.89,193.0,100,1575422806,ID,1575408811,1575452619,28800,1637001,200
201,Cameron Park,-120.99,38.68,501,Rain,moderate rain,10n,stations,284.7,1016,87,282.04,287.15,,,0.62,254.0,1,1575422806,US,1575385500,1575420172,-28800,5333282,200
202,Coquimbo,-71.34,-29.95,804,Clouds,overcast clouds,04n,stations,287.15,1012,87,287.15,287.15,,,3.6,300.0,100,1575422806,CL,1575365816,1575416018,-10800,3893629,200
203,Avarua,-159.78,-21.21,804,Clouds,overcast clouds,04d,stations,300.15,1011,74,300.15,300.15,,,4.1,80.0,91,1575422761,CK,1575388136,1575436160,-36000,4035715,200
204,North Platte,-100.77,41.12,800,Clear,clear sky,01n,stations,271.15,1016,79,271.15,271.15,,,2.6,320.0,1,1575422806,US,1575381060,1575414904,-21600,5697939,200
205,Labuhan,115.51,-2.54,803,Clouds,broken clouds,04d,model,299.29,1010,85,299.29,299.29,1010.0,998.0,0.96,240.0,62,1575422806,ID,1575410420,1575454548,28800,1641899,200
206,Clyde River,-68.59,70.47,804,Clouds,overcast clouds,04n,stations,253.15,990,76,253.15,253.15,,,1.0,290.0,90,1575422806,CA,0,0,-18000,5924351,200
207,Awbari,12.77,26.59,804,Clouds,overcast clouds,04n,model,292.24,1015,23,292.24,292.24,1015.0,953.0,3.88,151.0,96,1575422806,LY,1575438131,1575476166,7200,2219235,200
208,The Valley,-63.06,18.22,801,Clouds,few clouds,02n,stations,300.59,1016,78,300.37,301.15,,,2.6,90.0,20,1575422806,AI,1575368943,1575408916,-14400,3573374,200
209,Barinas,-70.23,8.64,804,Clouds,overcast clouds,04n,model,298.19,1011,82,298.19,298.19,1011.0,994.0,1.9,45.0,94,1575422806,VE,1575369681,1575411620,-14400,3648546,200
210,Bereda,-7.54,43.27,800,Clear,clear sky,01n,stations,273.16,1014,100,270.37,275.37,,,3.1,180.0,0,1575422806,ES,1575445528,1575478521,3600,3105522,200
211,Lagos,3.39,6.46,801,Clouds,few clouds,02n,stations,300.15,1011,94,300.15,300.15,,,5.36,223.0,20,1575422611,NG,1575438219,1575480582,3600,2332459,200
212,Lebu,38.73,8.96,802,Clouds,scattered clouds,03n,stations,285.15,1024,71,285.15,285.15,,,4.6,70.0,40,1575422807,ET,1575429983,1575471850,10800,344979,200
213,Praia,-43.81,-20.25,803,Clouds,broken clouds,04n,stations,294.15,1017,77,294.15,294.15,,,5.1,100.0,75,1575422807,BR,1575360411,1575408205,-10800,3460954,200
214,Honiara,159.96,-9.43,802,Clouds,scattered clouds,03d,stations,304.15,1008,66,304.15,304.15,,,4.1,50.0,40,1575422807,SB,1575399065,1575444562,39600,2108502,200
215,Egvekinot,-179.17,66.32,802,Clouds,scattered clouds,03n,model,257.01,1026,94,257.01,257.01,1026.0,967.0,3.64,354.0,49,1575422807,RU,1575496854,1575509600,43200,4031742,200
216,Igbo Ora,3.28,7.43,803,Clouds,broken clouds,04n,model,298.3,1010,79,298.3,298.3,1010.0,994.0,0.93,12.0,66,1575422807,NG,1575438342,1575480512,3600,2338669,200
217,Benito Juarez,-79.63,22.29,802,Clouds,scattered clouds,03n,stations,292.15,1014,88,292.15,292.15,,,0.5,,40,1575422807,CU,1575373370,1575412444,-18000,3543961,200
218,Khor,134.96,47.88,600,Snow,light snow,13d,model,255.35,1015,90,255.35,255.35,1015.0,1004.0,7.28,248.0,100,1575422807,RU,1575412278,1575443352,36000,2022317,200
219,Pasni,63.48,25.26,803,Clouds,broken clouds,04n,model,292.04,1016,35,292.04,292.04,1016.0,1006.0,1.24,17.0,55,1575422807,PK,1575425794,1575464156,18000,1168312,200
220,Jiblah,44.15,13.92,500,Rain,light rain,10n,model,289.92,1013,81,289.92,289.92,1013.0,833.0,0.75,321.0,93,1575422808,YE,1575429184,1575470046,10800,74185,200
221,Marseille,5.37,43.3,800,Clear,clear sky,01n,stations,279.9,1019,100,274.15,285.93,,,1.0,,0,1575422808,FR,1575442433,1575475417,3600,2995469,200
222,Pontes e Lacerda,-59.33,-15.23,803,Clouds,broken clouds,04n,model,297.06,1009,88,297.06,297.06,1009.0,975.0,1.3,14.0,66,1575422808,BR,1575364687,1575411380,-14400,3453060,200
223,Paez,-76.46,2.93,803,Clouds,broken clouds,04n,stations,297.15,1014,69,297.15,297.15,,,5.1,350.0,75,1575422808,CO,1575370616,1575413676,-18000,3668572,200
224,Mayya,130.28,61.74,804,Clouds,overcast clouds,04d,stations,243.15,1034,67,243.15,243.15,,,3.0,250.0,99,1575422808,RU,1575418474,1575439403,32400,2020121,200
225,Sayyan,44.32,15.17,800,Clear,clear sky,01n,model,282.53,1015,50,282.53,282.53,1015.0,774.0,1.67,32.0,1,1575422808,YE,1575429273,1575469876,10800,70979,200
226,Mount Gambier,140.78,-37.83,520,Rain,light intensity shower rain,09d,stations,286.15,1014,93,286.15,286.15,,,8.2,270.0,40,1575422808,AU,1575400109,1575452727,37800,2156643,200
227,Singaraja,115.08,-8.11,500,Rain,light rain,10d,model,301.92,1010,71,301.92,301.92,1010.0,1009.0,2.42,180.0,26,1575422808,ID,1575409971,1575455203,28800,1626932,200
228,Dhanwar,85.98,24.42,802,Clouds,scattered clouds,03d,model,286.8,1018,44,286.8,286.8,1018.0,981.0,1.51,310.0,39,1575422808,IN,1575420291,1575458855,19800,1272902,200
229,Ajdabiya,20.22,30.75,800,Clear,clear sky,01n,model,289.34,1018,60,289.34,289.34,1018.0,1017.0,5.17,142.0,4,1575422808,LY,1575436873,1575473847,7200,89113,200
230,Marawi,124.29,8.0,804,Clouds,overcast clouds,04d,stations,301.48,1011,71,301.48,301.48,,,1.79,40.0,100,1575422808,PH,1575409346,1575451407,28800,1701054,200
231,Broken Hill,141.45,-31.97,800,Clear,clear sky,01d,stations,295.15,1017,33,295.15,295.15,,,4.1,180.0,0,1575422808,AU,1575400863,1575451651,37800,2173911,200
232,Mvuma,30.53,-19.28,804,Clouds,overcast clouds,04n,model,296.09,1011,42,296.09,296.09,1011.0,862.0,6.2,15.0,100,1575422809,ZW,1575429086,1575476684,7200,884814,200
233,Pangody,74.49,65.85,804,Clouds,overcast clouds,04n,model,258.88,1011,96,258.88,258.88,1011.0,1003.0,5.2,254.0,91,1575422809,RU,1575435255,1575449408,18000,1495626,200
234,Mehamn,27.85,71.03,804,Clouds,overcast clouds,04n,stations,270.15,987,79,270.15,270.15,,,3.1,160.0,96,1575422809,NO,0,0,3600,778707,200
235,Pachino,15.09,36.72,800,Clear,clear sky,01n,stations,285.72,1015,87,283.15,289.26,,,1.0,30.0,0,1575422809,IT,1575438962,1575474221,3600,6539213,200
236,Ceres,-49.6,-15.31,500,Rain,light rain,10n,model,295.83,1011,87,295.83,295.83,1011.0,940.0,1.89,36.0,99,1575422809,BR,1575362343,1575409052,-10800,3466436,200
237,Teya,-89.07,21.05,800,Clear,clear sky,01n,stations,296.56,1015,69,296.15,297.04,,,1.5,40.0,5,1575422809,MX,1575375497,1575414849,-21600,3526662,200
238,Bonthe,-12.5,7.53,800,Clear,clear sky,01n,model,299.75,1011,81,299.75,299.75,1011.0,1011.0,2.3,283.0,0,1575422809,SL,1575442140,1575484290,0,2409914,200
239,Gavrilovka Vtoraya,42.77,52.88,804,Clouds,overcast clouds,04n,model,267.42,1011,95,267.42,267.42,1011.0,989.0,3.66,339.0,100,1575422809,RU,1575435750,1575464143,10800,561804,200
240,Rapid City,-103.23,44.08,800,Clear,clear sky,01n,stations,274.22,1013,64,272.15,275.37,,,3.1,250.0,1,1575422809,US,1575382205,1575414940,-25200,5768233,200
241,Sisimiut,-53.67,66.94,601,Snow,snow,13n,model,261.61,986,76,261.61,261.61,986.0,955.0,2.98,283.0,100,1575422809,GL,1575380892,1575392458,-10800,3419842,200
242,Bubaque,-15.83,11.28,803,Clouds,broken clouds,04n,model,301.58,1011,59,301.58,301.58,1011.0,1011.0,4.8,290.0,59,1575422810,GW,1575443315,1575484714,0,2374583,200
243,Baturaja,104.17,-4.12,804,Clouds,overcast clouds,04d,model,296.54,1011,93,296.54,296.54,1011.0,991.0,1.06,288.0,88,1575422810,ID,1575412987,1575457426,25200,1649593,200
244,Ponta do Sol,-46.0,-20.63,500,Rain,light rain,10n,model,292.65,1013,95,292.65,292.65,1013.0,917.0,2.8,95.0,89,1575422810,BR,1575360893,1575408774,-10800,3453439,200
245,Damietta,31.81,31.42,801,Clouds,few clouds,02n,stations,292.15,1019,59,292.15,292.15,,,3.6,330.0,20,1575422810,EG,1575434180,1575470976,7200,358048,200
246,Taos,-105.57,36.41,803,Clouds,broken clouds,04n,stations,274.72,1023,58,273.71,275.93,,,4.47,104.0,53,1575422810,US,1575381437,1575416832,-25200,5493811,200
247,Den Helder,4.76,52.96,802,Clouds,scattered clouds,03n,stations,278.22,1022,87,276.48,281.15,,,4.6,240.0,50,1575422810,NL,1575444905,1575473238,3600,2757220,200
248,Saint Anthony,-111.68,43.97,600,Snow,light snow,13n,stations,271.12,1025,92,270.15,272.15,,,0.87,15.0,90,1575422810,US,1575384213,1575416989,-25200,5606187,200
249,Nizhniy Baskunchak,46.83,48.22,600,Snow,light snow,13n,model,274.27,1015,97,274.27,274.27,1015.0,1015.0,7.28,247.0,100,1575422810,RU,1575433527,1575464417,14400,520798,200
250,Huntsville,-86.59,34.73,800,Clear,clear sky,01n,stations,275.84,1012,74,274.15,277.59,,,1.29,255.0,1,1575422706,US,1575376628,1575412528,-21600,4068590,200
251,Birecik,37.98,37.03,800,Clear,clear sky,01n,stations,275.48,1017,69,274.15,276.48,,,0.47,184.0,0,1575422810,TR,1575433513,1575468680,10800,321062,200
252,Samarai,150.67,-10.62,803,Clouds,broken clouds,04d,model,302.76,1010,62,302.76,302.76,1010.0,996.0,2.86,54.0,82,1575422810,PG,1575401174,1575446913,36000,2132606,200
253,Naze,7.07,5.43,804,Clouds,overcast clouds,04n,model,297.42,1010,90,297.42,297.42,1010.0,1000.0,1.44,174.0,100,1575422810,NG,1575437234,1575479800,3600,2337542,200
254,Port Hedland,118.58,-20.31,802,Clouds,scattered clouds,03d,stations,310.15,1009,13,310.15,310.15,,,2.6,350.0,33,1575422811,AU,1575407835,1575455659,28800,2063042,200
255,Aksarka,67.8,66.56,800,Clear,clear sky,01n,model,254.51,1010,96,254.51,254.51,1010.0,1004.0,4.7,205.0,10,1575422811,RU,1575437753,1575450123,18000,1512019,200
256,Horsham,142.2,-36.71,804,Clouds,overcast clouds,04d,model,288.41,1014,57,288.41,288.41,1014.0,999.0,5.18,257.0,100,1575422811,AU,1575399955,1575452199,39600,2163055,200
257,Mequon,-87.98,43.22,800,Clear,clear sky,01n,stations,274.7,1002,84,272.04,276.15,,,3.6,270.0,1,1575422811,US,1575378375,1575411448,-21600,5262649,200
258,La Ronge,-105.3,55.1,802,Clouds,scattered clouds,03n,stations,271.15,999,79,271.15,271.15,,,3.1,280.0,40,1575422811,CA,1575385555,1575412584,-21600,6050066,200
259,Taywarah,64.42,33.35,800,Clear,clear sky,01n,model,270.98,1020,41,270.98,270.98,1020.0,742.0,1.83,126.0,0,1575422811,AF,1575426616,1575462882,16200,1122464,200
260,Pascagoula,-88.56,30.37,800,Clear,clear sky,01n,stations,279.6,1016,86,276.15,283.15,,,1.38,234.0,1,1575422812,US,1575376497,1575413605,-21600,4440397,200
261,Christchurch,172.64,-43.53,802,Clouds,scattered clouds,03d,stations,296.56,992,29,295.37,298.15,,,8.7,340.0,35,1575422553,NZ,1575391392,1575446147,46800,2192362,200
262,Yurino,46.29,56.29,600,Snow,light snow,13n,stations,266.15,1010,92,266.15,266.15,,,2.0,160.0,75,1575422812,RU,1575436058,1575462145,10800,466423,200
263,Umm Kaddadah,26.69,13.6,800,Clear,clear sky,01n,model,292.35,1013,32,292.35,292.35,1013.0,938.0,5.35,23.0,0,1575422812,SD,1575433343,1575474270,7200,364933,200
264,Camabatela,15.37,-8.19,500,Rain,light rain,10n,model,291.17,1012,97,291.17,291.17,1012.0,877.0,2.63,261.0,100,1575422812,AO,1575433899,1575479150,3600,2242885,200
265,Narsaq,-46.05,60.91,800,Clear,clear sky,01n,stations,265.15,995,52,265.15,265.15,,,4.6,250.0,8,1575422812,GL,1575373846,1575395845,-10800,3421719,200
266,Saint-Pierre,4.24,48.95,741,Fog,fog,50n,stations,270.98,1023,100,270.15,272.15,,,3.6,40.0,90,1575422812,FR,1575443933,1575474460,3600,2995603,200
267,Geneva,6.15,46.2,803,Clouds,broken clouds,04n,stations,273.18,1022,69,269.82,277.15,,,1.0,,75,1575422812,FR,1575442839,1575474637,3600,6458783,200
268,Mandera,41.86,3.94,802,Clouds,scattered clouds,03n,stations,296.48,1010,35,296.48,296.48,,,0.45,326.0,25,1575422812,ET,1575428735,1575471595,10800,187896,200
269,Quimper,-4.1,48.0,800,Clear,clear sky,01n,stations,274.92,1020,92,273.15,276.48,,,2.6,70.0,0,1575422812,FR,1575445708,1575476689,3600,2984701,200
270,Comodoro Rivadavia,-67.48,-45.87,803,Clouds,broken clouds,04n,stations,283.15,1022,87,283.15,283.15,,,3.1,270.0,63,1575422689,AR,1575362115,1575417866,-10800,3860443,200
271,Souillac,-0.6,45.6,800,Clear,clear sky,01n,stations,273.45,1019,92,272.15,276.48,,,1.0,80.0,0,1575422813,FR,1575444332,1575476385,3600,3026644,200
272,Svetlaya,138.33,46.54,804,Clouds,overcast clouds,04d,model,260.86,1006,60,260.86,260.86,1006.0,1002.0,7.02,281.0,100,1575422813,RU,1575411165,1575442847,36000,2015852,200
273,Isangel,169.27,-19.55,500,Rain,light rain,10d,stations,301.15,1011,78,301.15,301.15,,,4.1,220.0,44,1575422813,VU,1575395754,1575443402,39600,2136825,200
274,Luwuk,122.79,-0.95,804,Clouds,overcast clouds,04d,model,300.89,1011,70,300.89,300.89,1011.0,1010.0,0.89,193.0,100,1575422813,ID,1575408829,1575452645,28800,1637001,200
275,Cockburn Town,-71.14,21.46,800,Clear,clear sky,01n,model,300.11,1014,68,300.11,300.11,1014.0,1014.0,3.34,325.0,0,1575422813,TC,1575371238,1575410500,-18000,3576994,200
276,Vung Tau,107.08,10.35,804,Clouds,overcast clouds,04d,model,294.3,1013,76,294.3,294.3,1013.0,1012.0,2.46,7.0,94,1575422813,VN,1575413712,1575455304,25200,1562414,200
277,Santa Isabel do Rio Negro,-65.02,-0.41,804,Clouds,overcast clouds,04n,model,298.15,1009,86,298.15,298.15,1009.0,1002.0,1.36,111.0,97,1575422813,BR,1575367545,1575411255,-14400,3662489,200
278,Sikonge,32.75,-5.63,500,Rain,light rain,10n,stations,293.15,1015,100,293.15,293.15,,,5.1,220.0,75,1575422813,TZ,1575429983,1575474721,10800,149929,200
279,Shimoda,138.93,34.7,802,Clouds,scattered clouds,03d,stations,285.12,1017,62,284.15,287.15,,,2.6,210.0,40,1575422813,JP,1575408918,1575444806,32400,1852357,200
280,Palmer,139.16,-34.85,802,Clouds,scattered clouds,03d,stations,290.86,1017,55,289.26,292.04,,,4.6,260.0,40,1575422813,AU,1575400982,1575452631,37800,2067070,200
281,Port Blair,92.75,11.67,802,Clouds,scattered clouds,03d,stations,301.15,1012,74,301.15,301.15,,,5.1,60.0,40,1575422748,IN,1575417286,1575458610,19800,1259385,200
282,Saint George,22.34,39.45,500,Rain,light rain,10n,stations,283.15,1019,81,283.15,283.15,,,2.6,300.0,90,1575422814,GR,1575437663,1575472040,7200,262462,200
283,Baruun-Urt,113.28,46.68,803,Clouds,broken clouds,04d,model,252.43,1039,98,252.43,252.43,1039.0,912.0,1.08,48.0,59,1575422814,MN,1575417213,1575448826,28800,2032614,200
284,Pandan,122.09,11.72,804,Clouds,overcast clouds,04d,model,300.75,1010,69,300.75,300.75,1010.0,1006.0,2.01,108.0,96,1575422814,PH,1575410247,1575451562,28800,1695555,200
285,Wucheng,119.57,29.09,800,Clear,clear sky,01d,model,278.45,1033,57,278.45,278.45,1033.0,1009.0,1.04,116.0,0,1575422814,CN,1575412799,1575450220,28800,1805528,200
286,Chapais,-74.86,49.78,800,Clear,clear sky,01n,stations,256.15,997,91,256.15,256.15,,,1.5,90.0,1,1575422814,CA,1575376667,1575406857,-18000,5919850,200
287,Agboville,-4.21,5.93,804,Clouds,overcast clouds,04n,model,297.21,1011,92,297.21,297.21,1011.0,1000.0,1.01,225.0,96,1575422814,CI,1575439991,1575482458,0,2293268,200
288,Te Anau,167.72,-45.41,501,Rain,moderate rain,10d,model,283.24,988,81,283.24,283.24,988.0,934.0,4.12,330.0,100,1575422732,NZ,1575392164,1575447737,46800,2181625,200
289,Inuvik,-133.71,68.36,803,Clouds,broken clouds,04n,stations,244.01,1020,75,243.15,246.15,,,2.26,282.0,75,1575422814,CA,1575403246,1575408534,-25200,5983607,200
290,Kulhudhuffushi,73.07,6.62,501,Rain,moderate rain,10d,model,301.24,1009,79,301.24,301.24,1009.0,1009.0,7.43,92.0,82,1575422814,MV,1575421506,1575463839,18000,1337613,200
291,Victoria,115.24,5.28,803,Clouds,broken clouds,04d,stations,298.89,1011,83,298.15,301.15,,,1.0,,75,1575422591,BN,1575411250,1575453848,28800,1733782,200
292,Plettenberg Bay,23.37,-34.05,500,Rain,light rain,10n,model,286.48,1028,75,286.48,286.48,1028.0,1012.0,2.27,291.0,35,1575422814,ZA,1575428893,1575480314,7200,964712,200
293,Tuatapere,167.69,-46.13,501,Rain,moderate rain,10d,stations,287.59,988,82,287.59,287.59,,,4.02,308.0,92,1575422814,NZ,1575392006,1575447909,46800,2180815,200
294,Marondera,31.55,-18.19,802,Clouds,scattered clouds,03n,model,291.27,1012,57,291.27,291.27,1012.0,853.0,2.2,61.0,42,1575422815,ZW,1575428963,1575476317,7200,886990,200
295,Port Elizabeth,-74.98,39.31,800,Clear,clear sky,01n,stations,275.24,1005,59,273.15,277.59,,,4.1,300.0,1,1575422815,US,1575374554,1575409027,-18000,4501427,200
296,Dongsheng,112.52,29.72,802,Clouds,scattered clouds,03d,model,280.81,1032,52,280.81,280.81,1032.0,1028.0,1.68,32.0,48,1575422815,CN,1575414573,1575451831,28800,1788268,200
297,Aitape,142.36,-3.15,804,Clouds,overcast clouds,04d,model,300.86,1010,78,300.86,300.86,1010.0,1010.0,1.86,264.0,91,1575422815,PG,1575403915,1575448162,36000,2101169,200
298,Kerugoya,37.28,-0.5,802,Clouds,scattered clouds,03n,model,288.85,1012,92,288.85,288.85,1012.0,857.0,1.53,332.0,30,1575422815,KE,1575429400,1575473129,10800,198476,200
299,Bagdarin,113.59,54.44,800,Clear,clear sky,01d,model,239.75,1050,73,239.75,239.75,1050.0,888.0,2.59,329.0,0,1575422815,RU,1575419232,1575446658,28800,2027244,200
300,Yongan,113.69,39.7,800,Clear,clear sky,01d,model,263.65,1036,69,263.65,263.65,1036.0,854.0,2.44,258.0,0,1575422815,CN,1575415767,1575450076,28800,1806687,200
301,Maun,23.42,-19.99,501,Rain,moderate rain,10n,model,295.96,1010,79,295.96,295.96,1010.0,905.0,0.95,294.0,33,1575422815,BW,1575430712,1575478471,7200,933366,200
302,Ridgecrest,-117.67,35.62,804,Clouds,overcast clouds,04n,stations,282.59,1018,72,280.93,284.82,,,1.42,33.0,100,1575422815,US,1575384223,1575419855,-28800,5387494,200
303,Ancud,-73.83,-41.87,800,Clear,clear sky,01n,stations,284.15,1023,71,284.15,284.15,,,3.6,220.0,0,1575422815,CL,1575364485,1575418545,-10800,3899695,200
304,Moosomin,-101.67,50.14,800,Clear,clear sky,01n,model,271.35,1005,83,271.35,271.35,1005.0,938.0,6.35,288.0,0,1575422815,CA,1575383200,1575413196,-21600,6078359,200
305,Hervey Bay,152.85,-25.3,800,Clear,clear sky,01d,stations,308.39,1010,12,307.15,309.26,,,2.6,230.0,0,1575422816,AU,1575399016,1575448024,36000,2146219,200
306,Praia da Vitoria,-27.07,38.73,801,Clouds,few clouds,02n,stations,288.46,1028,63,287.59,289.15,,,9.09,12.0,20,1575422816,PT,1575449409,1575484017,-3600,3372760,200
307,Sadiqabad,70.13,28.31,804,Clouds,overcast clouds,04n,model,288.89,1017,30,288.89,288.89,1017.0,1008.0,1.03,207.0,92,1575422816,PK,1575424571,1575462185,18000,1166652,200
308,Fermo,13.72,43.16,800,Clear,clear sky,01n,stations,278.6,1025,75,277.04,279.82,,,2.1,180.0,0,1575422816,IT,1575440400,1575473441,3600,6541874,200
309,Tautira,-149.15,-17.73,801,Clouds,few clouds,02d,stations,304.15,1011,66,304.15,304.15,,,4.6,30.0,20,1575422816,PF,1575385977,1575433216,-36000,4033557,200
310,Perpignan,2.88,42.7,804,Clouds,overcast clouds,04n,stations,282.09,1019,87,282.04,282.15,,,2.1,10.0,90,1575422816,FR,1575442916,1575476129,3600,2987914,200
311,Oktyabrskiy,37.97,55.61,803,Clouds,broken clouds,04n,stations,270.32,1012,86,269.26,271.48,,,3.0,250.0,75,1575422816,RU,1575437805,1575464392,10800,515873,200
312,Eresos,25.93,39.17,803,Clouds,broken clouds,04n,model,288.0,1018,64,288.0,288.0,1018.0,1017.0,4.8,67.0,76,1575422816,GR,1575436754,1575471225,7200,262629,200
313,Ulaangom,92.07,49.98,802,Clouds,scattered clouds,03n,model,252.88,1043,84,252.88,252.88,1043.0,916.0,1.34,222.0,25,1575422816,MN,1575423096,1575453127,25200,1515029,200
314,Guayaramerin,-65.36,-10.82,500,Rain,light rain,10n,model,296.89,1008,96,296.89,296.89,1008.0,991.0,0.76,262.0,100,1575422816,BO,1575366594,1575412368,-14400,3915350,200
315,Mount Isa,139.49,-20.73,803,Clouds,broken clouds,04d,stations,306.15,1015,13,306.15,306.15,,,3.6,170.0,68,1575422816,AU,1575402768,1575450687,36000,2065594,200
316,Bulgan,103.53,48.81,800,Clear,clear sky,01d,model,256.91,1041,78,256.91,256.91,1041.0,859.0,1.97,300.0,7,1575422817,MN,1575420049,1575450671,28800,2032201,200
317,Yaan,8.57,7.38,804,Clouds,overcast clouds,04n,model,298.93,1010,29,298.93,298.93,1010.0,993.0,0.45,51.0,100,1575422817,NG,1575437067,1575479247,3600,2338660,200
318,Krasnaya Gorbatka,41.76,55.87,802,Clouds,scattered clouds,03n,model,266.46,1012,96,266.46,266.46,1012.0,997.0,1.94,268.0,49,1575422817,RU,1575436990,1575463389,10800,542776,200
319,Meiganga,14.29,6.52,803,Clouds,broken clouds,04n,model,291.44,1012,39,291.44,291.44,1012.0,901.0,1.24,344.0,60,1575422817,CM,1575435608,1575477959,3600,2227402,200
320,Dalvik,14.13,57.79,803,Clouds,broken clouds,04n,stations,278.51,1011,93,278.15,278.71,,,4.6,230.0,75,1575422817,SE,1575444386,1575469259,3600,2702977,200
321,Southwick,-0.24,50.83,741,Fog,fog,50n,stations,274.01,1023,100,271.15,276.48,,,0.5,90.0,75,1575422817,GB,1575445494,1575475049,0,2654710,200
322,La Palma,-74.39,5.36,501,Rain,moderate rain,10n,model,294.53,1013,96,294.53,294.53,1013.0,926.0,0.89,49.0,98,1575422817,CO,1575370357,1575412942,-18000,3687505,200
323,Sibu,111.83,2.29,803,Clouds,broken clouds,04d,stations,298.6,1012,83,298.15,300.15,,,1.5,110.0,75,1575422817,MY,1575411776,1575454959,28800,1735902,200
324,Boffa,-14.04,10.18,801,Clouds,few clouds,02n,model,298.98,1012,79,298.98,298.98,1012.0,1011.0,0.76,270.0,21,1575422817,GN,1575442774,1575484395,0,2422968,200
325,Ravar,56.81,31.27,802,Clouds,scattered clouds,03n,model,282.87,1014,45,282.87,282.87,1014.0,880.0,0.71,167.0,42,1575422817,IR,1575428156,1575464996,12600,118704,200
326,Kiunga,141.3,-6.12,500,Rain,light rain,10d,model,298.17,1013,89,298.17,298.17,1013.0,1005.0,2.65,308.0,100,1575422817,PG,1575403876,1575448710,36000,2093846,200
327,Yanam,82.22,16.73,721,Haze,haze,50d,stations,298.15,1016,69,298.15,298.15,,,3.1,30.0,1,1575422817,IN,1575420338,1575460614,19800,1252795,200
328,Vvedenskoye,38.01,55.29,803,Clouds,broken clouds,04n,stations,270.35,1011,79,269.26,271.48,,,4.0,260.0,75,1575422817,RU,1575437682,1575464497,10800,470820,200
329,Portland,-70.25,43.66,803,Clouds,broken clouds,04n,stations,271.12,994,68,270.37,272.15,,,4.6,320.0,75,1575422745,US,1575374202,1575407109,-18000,4975802,200
330,Elmadag,33.23,39.92,803,Clouds,broken clouds,04n,stations,272.89,1019,66,271.15,275.37,,,0.5,,75,1575422818,TR,1575435127,1575469346,10800,315720,200
331,Dudinka,86.18,69.41,804,Clouds,overcast clouds,04n,stations,262.15,1011,61,262.15,262.15,,,6.0,100.0,88,1575422818,RU,0,0,25200,1507116,200
332,Bonfim,-59.84,3.36,803,Clouds,broken clouds,04n,model,301.23,1010,63,301.23,301.23,1010.0,999.0,4.37,84.0,73,1575422818,GY,1575366668,1575409644,-14400,3379316,200
333,Zhigansk,123.37,66.77,802,Clouds,scattered clouds,03n,model,235.14,1039,96,235.14,235.14,1039.0,1033.0,3.48,155.0,47,1575422818,RU,1575424676,1575436518,32400,2012530,200
334,Rocha,-54.34,-34.48,804,Clouds,overcast clouds,04n,model,292.21,1011,60,292.21,292.21,1011.0,998.0,2.88,322.0,100,1575422818,UY,1575361082,1575412590,-10800,3440777,200
335,Kyzyl-Suu,78.0,42.34,802,Clouds,scattered clouds,03n,model,271.78,1027,56,271.78,271.78,1027.0,841.0,3.91,79.0,33,1575422818,KG,1575424807,1575458171,21600,1527497,200
336,Jaisalmer,70.91,26.91,804,Clouds,overcast clouds,04n,model,290.73,1017,25,290.73,290.73,1017.0,993.0,3.06,102.0,92,1575422818,IN,1575424210,1575462173,19800,1269507,200
337,Bensonville,-10.61,6.45,701,Mist,mist,50n,stations,298.15,1010,94,298.15,298.15,,,1.0,331.0,20,1575422818,LR,1575441579,1575483943,0,2278682,200
338,Araouane,-3.53,18.9,801,Clouds,few clouds,02n,model,293.36,1013,20,293.36,293.36,1013.0,981.0,1.31,271.0,13,1575422818,ML,1575441160,1575480964,0,2460954,200
339,Slave Lake,-114.77,55.28,800,Clear,clear sky,01n,stations,273.15,1005,76,273.15,273.15,,,4.6,260.0,1,1575422818,CA,1575387893,1575414793,-25200,6149374,200
340,Hasaki,140.83,35.73,801,Clouds,few clouds,02d,stations,285.65,1017,40,285.15,286.15,,,3.1,300.0,20,1575422818,JP,1575408615,1575444197,32400,2112802,200
341,Bali,119.4,32.29,800,Clear,clear sky,01d,model,278.12,1032,62,278.12,278.12,1032.0,1031.0,1.59,285.0,0,1575422818,CN,1575413265,1575449835,28800,1784642,200
342,Kholm-Zhirkovskiy,33.47,55.52,804,Clouds,overcast clouds,04n,model,269.53,1015,89,269.53,269.53,1015.0,987.0,4.98,277.0,100,1575422818,RU,1575438854,1575465504,10800,549718,200
343,Beidao,105.89,34.57,804,Clouds,overcast clouds,04d,model,267.35,1038,85,267.35,267.35,1038.0,874.0,0.79,160.0,91,1575422818,CN,1575416833,1575452754,28800,1816751,200
344,Kahului,-156.47,20.89,802,Clouds,scattered clouds,03d,stations,299.0,1013,48,297.04,303.15,,,8.2,60.0,40,1575422710,US,1575391663,1575431045,-36000,5847411,200
345,Nome,-94.42,30.04,800,Clear,clear sky,01n,stations,286.06,1015,77,283.15,289.82,,,1.5,170.0,1,1575422819,US,1575377861,1575415054,-21600,4732862,200
346,Jumla,82.18,29.28,800,Clear,clear sky,01d,model,270.39,1027,12,270.39,270.39,1027.0,726.0,2.95,102.0,0,1575422819,NP,1575421802,1575459169,20700,1283285,200
347,Altay,88.13,47.83,800,Clear,clear sky,01n,model,262.13,1038,22,262.13,262.13,1038.0,839.0,2.63,35.0,0,1575422819,CN,1575423515,1575454600,28800,1529651,200
348,Guerrero Negro,-114.04,27.97,803,Clouds,broken clouds,04n,model,293.76,1015,37,293.76,293.76,1015.0,1013.0,4.5,325.0,72,1575422819,MX,1575382308,1575420028,-25200,4021858,200
349,Kabompo,24.21,-13.6,804,Clouds,overcast clouds,04n,model,291.86,1010,96,291.86,291.86,1010.0,887.0,1.57,44.0,100,1575422819,ZM,1575431221,1575477584,7200,916246,200
350,Acajutiba,-38.02,-11.66,802,Clouds,scattered clouds,03n,model,295.64,1012,91,295.64,295.64,1012.0,995.0,4.29,111.0,38,1575422819,BR,1575359945,1575405890,-10800,3473218,200
351,San Rafael,-68.33,-34.61,800,Clear,clear sky,01n,model,292.24,1012,29,292.24,292.24,1012.0,912.0,6.38,112.0,0,1575422703,AR,1575364419,1575415970,-10800,3836669,200
352,Grants,-107.85,35.15,800,Clear,clear sky,01n,stations,277.15,1025,69,277.15,277.15,,,0.93,38.0,1,1575422819,US,1575381795,1575417568,-25200,5469841,200
353,Sulangan,123.72,11.14,804,Clouds,overcast clouds,04d,model,300.66,1010,74,300.66,300.66,1010.0,1010.0,0.66,219.0,100,1575422819,PH,1575409797,1575451230,28800,1685422,200
354,Kaikalur,81.2,16.57,701,Mist,mist,50d,stations,296.15,1015,83,296.15,296.15,,,1.5,80.0,40,1575422820,IN,1575420566,1575460876,19800,1268627,200
355,Khuzdar,66.62,27.8,804,Clouds,overcast clouds,04n,model,281.18,1019,48,281.18,281.18,1019.0,851.0,0.07,155.0,100,1575422820,PK,1575425350,1575463092,18000,7082481,200
356,San Borja,-66.75,-14.86,804,Clouds,overcast clouds,04n,model,296.68,1007,92,296.68,296.68,1007.0,984.0,1.33,9.0,93,1575422820,BO,1575366508,1575413122,-14400,3905792,200
357,Poum,20.71,41.28,601,Snow,snow,13n,model,271.57,1023,96,271.57,271.57,1023.0,898.0,3.03,72.0,100,1575422820,MK,1575438373,1575472112,3600,787487,200
358,Ganzhou,114.93,25.86,800,Clear,clear sky,01d,model,278.17,1031,56,278.17,278.17,1031.0,1004.0,1.9,3.0,0,1575422820,CN,1575413512,1575451735,28800,1810638,200
359,Kalmunai,81.82,7.42,501,Rain,moderate rain,10d,model,300.79,1009,80,300.79,300.79,1009.0,1009.0,8.27,51.0,100,1575422820,LK,1575419485,1575461659,19800,1242110,200
360,Agirish,63.02,61.92,804,Clouds,overcast clouds,04n,model,263.52,1014,92,263.52,263.52,1014.0,994.0,4.11,197.0,100,1575422820,RU,1575434751,1575455419,18000,1512101,200
361,Macusani,-70.43,-14.07,500,Rain,light rain,10n,model,276.51,1013,96,276.51,276.51,1013.0,586.0,1.72,49.0,100,1575422820,PE,1575367475,1575413922,-18000,3935624,200
362,Victoria,115.24,5.28,803,Clouds,broken clouds,04d,stations,298.89,1011,83,298.15,301.15,,,1.0,,75,1575422591,BN,1575411250,1575453848,28800,1733782,200
363,Gravdal,5.78,59.79,804,Clouds,overcast clouds,04n,stations,280.66,1014,93,279.82,281.48,,,2.6,180.0,100,1575422820,NO,1575447315,1575470338,3600,3147822,200
364,Bressuire,-0.49,46.84,800,Clear,clear sky,01n,stations,272.75,1019,92,271.15,274.26,,,1.0,,0,1575422820,FR,1575444575,1575476089,3600,3030303,200
365,Santa Rosa,-64.29,-36.62,803,Clouds,broken clouds,04n,model,292.29,1010,21,292.29,292.29,1010.0,985.0,3.57,206.0,60,1575422820,AR,1575363131,1575415318,-10800,3835994,200
366,College,-147.8,64.86,600,Snow,light snow,13n,stations,259.49,1013,92,259.15,260.15,,,1.2,342.0,90,1575422821,US,1575401114,1575417431,-32400,5859699,200
367,Carauari,-66.9,-4.88,500,Rain,light rain,10n,model,297.41,1008,94,297.41,297.41,1008.0,998.0,0.58,27.0,100,1575422821,BR,1575367559,1575412143,-14400,3664659,200
368,Samana,-76.97,0.12,804,Clouds,overcast clouds,04n,model,295.17,1012,92,295.17,295.17,1012.0,970.0,0.73,328.0,100,1575422821,EC,1575370465,1575414072,-18000,3655185,200
369,Anchorage,-149.89,61.22,600,Snow,light snow,13n,stations,267.45,1006,92,266.48,269.15,,,5.2,353.0,90,1575422590,US,1575398978,1575420570,-32400,5879400,200
370,Kilis,37.12,36.72,800,Clear,clear sky,01n,stations,274.15,1017,69,274.15,274.15,,,1.35,267.0,0,1575422821,TR,1575433672,1575468934,10800,307864,200
371,Uvira,29.14,-3.41,501,Rain,moderate rain,10n,model,285.17,1013,98,285.17,285.17,1013.0,757.0,0.48,222.0,100,1575422821,CD,1575431069,1575475369,7200,204405,200
372,Gunjur,-16.76,13.18,804,Clouds,overcast clouds,04n,stations,295.15,1012,88,295.15,295.15,,,8.14,2.0,100,1575422821,GM,1575443732,1575484743,0,2413419,200
373,Agadir,-9.58,30.42,801,Clouds,few clouds,02n,stations,283.15,1015,93,283.15,283.15,,,2.1,170.0,20,1575422821,MA,1575443985,1575481043,3600,2561668,200
374,Hami,93.51,42.84,800,Clear,clear sky,01d,model,265.33,1038,68,265.33,265.33,1038.0,922.0,0.47,110.0,0,1575422821,CN,1575421176,1575454355,28800,1529484,200
375,Namibe,12.15,-15.19,803,Clouds,broken clouds,04n,model,295.78,1009,82,295.78,295.78,1009.0,1009.0,1.88,238.0,77,1575422821,AO,1575433947,1575480648,3600,3347019,200
376,Madang,102.79,35.32,800,Clear,clear sky,01d,model,263.68,1040,51,263.68,263.68,1040.0,773.0,1.91,238.0,5,1575422821,CN,1575417688,1575453387,28800,7413703,200
377,Xiaoweizhai,107.51,26.23,804,Clouds,overcast clouds,04d,model,277.63,1030,73,277.63,277.63,1030.0,912.0,2.3,22.0,87,1575422821,CN,1575415338,1575453471,28800,1789945,200
378,Cherskiy,161.3,68.75,804,Clouds,overcast clouds,04n,model,243.92,1035,97,243.92,243.92,1035.0,1032.0,2.01,161.0,85,1575422822,RU,0,0,39600,2126199,200
379,Aklavik,-135.01,68.22,803,Clouds,broken clouds,04n,stations,244.5,1020,75,243.15,246.15,,,1.65,203.0,75,1575422822,CA,1575403096,1575409307,-25200,5882953,200
380,Creston,-116.52,49.1,804,Clouds,overcast clouds,04n,stations,277.15,1018,94,277.15,277.15,,,3.1,190.0,90,1575422822,CA,1575386504,1575417022,-25200,5932311,200
381,Kruisfontein,24.73,-34.0,500,Rain,light rain,10n,model,285.86,1027,74,285.86,285.86,1027.0,995.0,2.93,221.0,54,1575422822,ZA,1575428574,1575479980,7200,986717,200
382,Bambanglipuro,110.28,-7.95,500,Rain,light rain,10d,model,299.86,1011,75,299.86,299.86,1011.0,991.0,1.74,202.0,47,1575422707,ID,1575411140,1575456340,25200,1650434,200
383,Reyes,-67.34,-14.3,801,Clouds,few clouds,02n,model,296.74,1008,82,296.74,296.74,1008.0,970.0,1.4,17.0,24,1575422822,BO,1575366709,1575413205,-14400,3906478,200
384,Pervomayskoye,86.23,57.07,600,Snow,light snow,13n,model,266.69,1025,93,266.69,266.69,1025.0,1007.0,4.44,234.0,100,1575422822,RU,1575426765,1575452262,25200,1495256,200
385,Cambridge,-80.31,43.39,600,Snow,light snow,13n,stations,272.25,1000,92,271.48,273.15,,,5.1,230.0,90,1575422750,CA,1575376566,1575409575,-18000,5913695,200
386,Sobolevo,31.9,54.43,804,Clouds,overcast clouds,04n,model,270.51,1018,87,270.51,270.51,1018.0,992.0,5.05,281.0,87,1575422822,RU,1575438854,1575466258,10800,525426,200
387,San Ciro de Acosta,-99.82,21.65,800,Clear,clear sky,01n,model,290.75,1013,63,290.75,290.75,1013.0,864.0,1.27,56.0,0,1575422822,MX,1575378146,1575417362,-21600,3519570,200
388,Vila,8.4,45.18,803,Clouds,broken clouds,04n,stations,277.32,1027,93,274.26,279.82,,,1.5,150.0,75,1575422822,IT,1575442082,1575474313,3600,3164565,200
389,Guadalupe y Calvo,-106.96,26.09,800,Clear,clear sky,01n,model,284.34,1016,58,284.34,284.34,1016.0,788.0,0.56,19.0,0,1575422822,MX,1575380377,1575418559,-25200,4005370,200
390,Todos Santos,-110.23,23.45,800,Clear,clear sky,01n,stations,295.58,1017,78,294.26,297.59,,,2.1,240.0,5,1575422822,MX,1575380850,1575419656,-25200,3981432,200
391,Sao Jose da Coroa Grande,-35.15,-8.9,801,Clouds,few clouds,02n,model,299.51,1013,79,299.51,299.51,1013.0,1013.0,6.08,73.0,19,1575422823,BR,1575359537,1575404921,-10800,3388456,200
392,Baykit,96.39,61.68,803,Clouds,broken clouds,04n,model,247.79,1031,97,247.79,247.79,1031.0,984.0,0.86,137.0,81,1575422823,RU,1575426583,1575447566,25200,1510689,200
393,Ipixuna,-48.8,-1.76,500,Rain,light rain,10n,stations,299.15,1010,88,299.15,299.15,,,2.6,60.0,99,1575422823,BR,1575363519,1575407492,-10800,3408424,200
394,Pechenga,41.46,58.89,600,Snow,light snow,13n,model,268.04,1007,91,268.04,268.04,1007.0,988.0,3.17,245.0,100,1575422823,RU,1575438306,1575462216,10800,511866,200
395,Batagay-Alyta,130.41,67.8,800,Clear,clear sky,01n,model,237.56,1039,90,237.56,237.56,1039.0,945.0,0.39,252.0,0,1575422823,RU,1575424810,1575433004,32400,2027042,200
396,Wilkie,-108.71,52.41,803,Clouds,broken clouds,04n,stations,272.38,1005,64,269.82,275.15,,,4.1,270.0,75,1575422823,CA,1575385517,1575414259,-21600,6182001,200
397,Chuy,-53.46,-33.69,803,Clouds,broken clouds,04n,model,292.08,1012,61,292.08,292.08,1012.0,1011.0,4.68,58.0,84,1575422823,UY,1575360990,1575412259,-10800,3443061,200
398,Kavieng,150.8,-2.57,800,Clear,clear sky,01d,model,302.08,1010,65,302.08,302.08,1010.0,1010.0,1.15,149.0,5,1575422823,PG,1575401946,1575446079,36000,2094342,200
399,Paamiut,-49.67,61.99,600,Snow,light snow,13n,model,267.03,996,71,267.03,267.03,996.0,982.0,3.11,352.0,100,1575422823,GL,1575375351,1575396079,-10800,3421193,200
400,Kavaratti,72.64,10.57,804,Clouds,overcast clouds,04d,model,301.84,1009,75,301.84,301.84,1009.0,1009.0,6.8,95.0,96,1575422823,IN,1575422003,1575463549,19800,1267390,200
401,Longyearbyen,15.63,78.22,800,Clear,clear sky,01n,stations,266.15,994,73,266.15,266.15,,,7.2,120.0,1,1575422823,NO,0,0,3600,2729907,200
402,Duncan,-97.96,34.5,800,Clear,clear sky,01n,stations,283.42,1016,40,281.15,285.37,,,1.5,300.0,1,1575422823,US,1575379325,1575415290,-21600,4535389,200
403,Evensk,159.24,61.92,800,Clear,clear sky,01d,model,249.9,1020,76,249.9,249.9,1020.0,994.0,7.63,346.0,0,1575422823,RU,1575411624,1575432349,39600,2125693,200
404,Imeni Poliny Osipenko,136.49,52.42,804,Clouds,overcast clouds,04d,model,262.61,1008,70,262.61,262.61,1008.0,996.0,8.88,347.0,100,1575422824,RU,1575413098,1575441797,36000,2023584,200
405,Bichura,107.6,50.59,803,Clouds,broken clouds,04d,model,255.49,1040,95,255.49,255.49,1040.0,926.0,1.0,195.0,77,1575422824,RU,1575419525,1575449241,28800,2026708,200
406,Warrnambool,142.48,-38.38,500,Rain,light rain,10d,stations,287.84,1020,80,287.59,288.15,,,5.81,354.0,100,1575422612,AU,1575399606,1575452413,39600,2144528,200
407,Lagoa,-8.45,37.14,800,Clear,clear sky,01n,stations,283.41,1012,81,282.59,284.15,,,3.6,270.0,0,1575422824,PT,1575444681,1575479805,0,2267254,200
408,Awjilah,21.3,29.14,804,Clouds,overcast clouds,04n,model,288.69,1019,63,288.69,288.69,1019.0,1012.0,3.86,137.0,100,1575422824,LY,1575436403,1575473799,7200,88533,200
409,High Rock,-78.28,26.63,803,Clouds,broken clouds,04n,stations,291.15,1014,77,291.15,291.15,,,1.5,350.0,75,1575422824,BS,1575373555,1575411610,-18000,3572189,200
410,Atar,-13.05,20.52,800,Clear,clear sky,01n,model,290.78,1016,41,290.78,290.78,1016.0,972.0,3.7,66.0,0,1575422824,MR,1575443624,1575483071,0,2381334,200
411,Husavik,-96.99,50.56,803,Clouds,broken clouds,04n,model,269.48,1000,92,269.48,269.48,1000.0,972.0,4.19,291.0,78,1575422824,CA,1575382186,1575411963,-21600,5961417,200
412,Pocatello,-112.44,42.87,701,Mist,mist,50n,stations,273.9,1025,86,273.15,274.82,,,2.1,70.0,90,1575422824,US,1575384183,1575417384,-25200,5604045,200
413,Zonguldak,31.83,41.25,500,Rain,light rain,10n,model,275.97,1022,96,275.97,275.97,1022.0,926.0,0.17,166.0,100,1575422825,TR,1575435697,1575469449,10800,737021,200
414,Chicama,-79.15,-7.84,701,Mist,mist,50n,stations,292.15,1013,88,292.15,292.15,,,3.6,150.0,75,1575422825,PE,1575370206,1575415378,-18000,3698359,200
415,Kamenka,28.7,48.03,800,Clear,clear sky,01n,stations,270.93,1027,76,270.93,270.93,,,2.88,286.0,0,1575422825,MD,1575437836,1575468812,7200,618453,200
416,Nouakchott,-15.98,18.08,800,Clear,clear sky,01n,stations,292.15,1014,52,292.15,292.15,,,4.1,360.0,0,1575422825,MR,1575444060,1575484041,0,2377450,200
417,Porto Novo,-45.44,-23.68,803,Clouds,broken clouds,04n,stations,291.15,1017,82,291.15,291.15,,,4.6,140.0,75,1575422825,BR,1575360402,1575408997,-10800,6322184,200
418,Falam,93.68,22.91,801,Clouds,few clouds,02d,model,282.2,1018,98,282.2,282.2,1018.0,866.0,0.83,96.0,16,1575422825,MM,1575418267,1575457183,23400,1326105,200
419,Meadow Lake,-108.44,54.13,801,Clouds,few clouds,02n,stations,272.15,1002,74,272.15,272.15,,,5.1,260.0,20,1575422825,CA,1575385984,1575413663,-21600,6071421,200
420,Tual,132.75,-5.67,500,Rain,light rain,10d,model,301.93,1011,71,301.93,301.93,1011.0,1007.0,2.87,73.0,100,1575422825,ID,1575405973,1575450718,32400,1623197,200
421,Peterhead,138.5,-34.83,802,Clouds,scattered clouds,03d,stations,290.87,1017,55,289.26,292.04,,,4.6,260.0,40,1575422826,AU,1575401143,1575452787,37800,2078025,200
422,Roald,6.12,62.58,804,Clouds,overcast clouds,04n,stations,280.38,1008,81,278.71,282.15,,,10.8,220.0,97,1575422826,NO,1575448857,1575468633,3600,3141667,200
423,Gamba,88.52,28.28,800,Clear,clear sky,01d,model,262.64,1027,16,262.64,262.64,1027.0,571.0,2.22,305.0,0,1575422826,CN,1575420152,1575457775,28800,1281256,200
424,Gazojak,61.4,41.19,804,Clouds,overcast clouds,04n,model,279.76,1018,79,279.76,279.76,1018.0,1003.0,2.09,340.0,100,1575422826,TM,1575428584,1575462364,18000,1514792,200
425,Lima,-77.04,-12.06,804,Clouds,overcast clouds,04n,stations,294.15,1014,77,294.15,294.15,,,5.1,160.0,90,1575422729,PE,1575369271,1575415300,-18000,3936456,200
426,Parkes,148.18,-33.14,800,Clear,clear sky,01d,model,295.7,1013,24,295.7,295.7,1013.0,979.0,5.83,246.0,0,1575422826,AU,1575399077,1575450206,39600,2153778,200
427,Natal,-35.21,-5.81,802,Clouds,scattered clouds,03n,stations,299.77,1012,78,299.15,300.15,,,3.6,150.0,40,1575422546,BR,1575359860,1575404627,-10800,3394023,200
428,Cayenne,-52.33,4.94,801,Clouds,few clouds,02n,stations,299.15,1012,83,299.15,299.15,,,0.5,,20,1575422826,GF,1575365020,1575407687,-10800,3382160,200
429,Port Lincoln,135.86,-34.72,800,Clear,clear sky,01d,model,292.54,1018,49,292.54,292.54,1018.0,1011.0,1.94,273.0,0,1575422827,AU,1575401794,1575453404,37800,2063036,200
430,Hamilton,-79.87,43.26,600,Snow,light snow,13n,stations,272.46,1001,92,271.48,273.71,,,3.6,220.0,90,1575422827,CA,1575376435,1575409494,-18000,5969785,200
431,Margate,147.26,-43.03,802,Clouds,scattered clouds,03d,stations,286.16,996,58,283.71,288.15,,,13.4,280.0,40,1575422827,AU,1575397585,1575452139,39600,2158744,200
432,Tazovskiy,78.7,67.47,600,Snow,light snow,13n,model,260.52,1008,94,260.52,260.52,1008.0,1007.0,4.33,198.0,99,1575422827,RU,1575436586,1575446056,18000,1489853,200
433,Bathsheba,-59.52,13.22,802,Clouds,scattered clouds,03n,stations,301.15,1014,74,301.15,301.15,,,7.7,100.0,40,1575422827,BB,1575367570,1575408589,-14400,3374083,200
434,Aljezur,-8.8,37.31,800,Clear,clear sky,01n,stations,283.16,1014,87,282.59,283.71,,,6.76,338.0,0,1575422827,PT,1575444792,1575479862,0,2271968,200
435,Miri,9.75,10.31,804,Clouds,overcast clouds,04n,model,292.33,1012,27,292.33,292.33,1012.0,949.0,1.3,319.0,100,1575422827,NG,1575437076,1575478671,3600,2347470,200
436,Laguna,-88.94,16.17,804,Clouds,overcast clouds,04n,stations,295.15,1016,94,295.15,295.15,,,2.1,120.0,90,1575422827,BZ,1575374939,1575415345,-21600,3581398,200
437,Doha,51.53,25.29,701,Mist,mist,50n,stations,293.56,1017,77,291.15,295.15,,,2.1,340.0,1,1575422786,QA,1575428667,1575467021,10800,290030,200
438,Ostrovnoy,39.51,68.05,600,Snow,light snow,13n,model,263.09,992,99,263.09,263.09,992.0,974.0,4.77,263.0,98,1575422827,RU,1575447342,1575454116,10800,556268,200
439,Koumac,164.28,-20.56,803,Clouds,broken clouds,04d,model,301.66,1013,47,301.66,301.66,1013.0,977.0,1.71,51.0,76,1575422827,NC,1575396837,1575444715,39600,2140558,200
440,Panguipulli,-72.33,-39.64,800,Clear,clear sky,01n,stations,286.1,1021,62,285.37,287.15,,,3.1,150.0,0,1575422827,CL,1575364543,1575417766,-10800,3877348,200
441,Hailey,-114.32,43.52,801,Clouds,few clouds,02n,stations,269.15,1024,79,269.15,269.15,,,2.6,310.0,20,1575422828,US,1575384759,1575417711,-25200,5594956,200
442,Alice Springs,133.88,-23.7,800,Clear,clear sky,01d,stations,303.15,1018,16,303.15,303.15,,,6.7,140.0,0,1575422828,AU,1575403765,1575452383,34200,2077895,200
443,Buchanan,-10.05,5.88,701,Mist,mist,50n,stations,298.15,1010,94,298.15,298.15,,,1.45,285.0,20,1575422828,LR,1575441389,1575483865,0,2278158,200
444,Antalaha,50.28,-14.9,501,Rain,moderate rain,10n,model,300.43,1012,75,300.43,300.43,1012.0,1011.0,7.02,148.0,97,1575422828,MG,1575424825,1575471462,10800,1071296,200
445,Bowen,148.25,-20.01,802,Clouds,scattered clouds,03d,stations,307.25,1009,39,306.48,308.15,,,5.1,340.0,36,1575422828,AU,1575400748,1575448501,36000,2174444,200
446,Neyshabur,58.79,36.21,802,Clouds,scattered clouds,03n,model,281.67,1016,46,281.67,281.67,1016.0,875.0,5.37,100.0,31,1575422828,IR,1575428389,1575463812,12600,122285,200
447,Santa Cruz,-36.02,-6.22,802,Clouds,scattered clouds,03n,model,294.97,1012,90,294.97,294.97,1012.0,985.0,2.1,99.0,36,1575422828,BR,1575360013,1575404862,-10800,3389673,200
448,Ales,4.08,44.13,800,Clear,clear sky,01n,stations,276.05,1020,85,275.15,277.15,,,4.1,50.0,0,1575422828,FR,1575442906,1575475564,3600,3038224,200
449,Ocos,-92.19,14.51,802,Clouds,scattered clouds,03n,stations,299.45,1011,94,298.15,300.15,,,2.15,271.0,40,1575422829,GT,1575375546,1575416298,-21600,3592086,200
450,Ilulissat,-51.1,69.22,620,Snow,light shower snow,13n,stations,262.15,984,78,262.15,262.15,,,11.3,100.0,75,1575422829,GL,0,0,-10800,3423146,200
451,Nkoteng,12.12,4.5,804,Clouds,overcast clouds,04n,model,294.12,1011,88,294.12,294.12,1011.0,942.0,1.48,234.0,89,1575422829,CM,1575435930,1575478679,3600,2223734,200
452,Hearst,-83.67,49.69,600,Snow,light snow,13n,model,271.76,995,96,271.76,271.76,995.0,962.0,3.3,213.0,99,1575422829,CA,1575378760,1575408993,-18000,5973108,200
453,Galesong,119.37,-5.32,802,Clouds,scattered clouds,03d,stations,300.15,1011,88,300.15,300.15,,,2.6,110.0,40,1575422829,ID,1575409220,1575453895,28800,1644605,200
454,Mangan,88.54,27.5,800,Clear,clear sky,01d,model,275.82,1023,24,275.82,275.82,1023.0,784.0,2.46,359.0,0,1575422829,IN,1575420049,1575457868,19800,1263776,200
455,Thessalon,-83.55,46.26,600,Snow,light snow,13n,stations,274.62,997,93,274.15,275.15,,,2.6,220.0,90,1575422829,CA,1575377929,1575409767,-18000,6164831,200
456,Leh,77.58,34.16,801,Clouds,few clouds,02n,model,253.13,1045,30,253.13,253.13,1045.0,607.0,1.38,152.0,20,1575422829,IN,1575423572,1575459608,19800,1264976,200
457,Padang,100.36,-0.92,500,Rain,light rain,10d,model,293.55,1011,95,293.55,293.55,1011.0,936.0,1.58,68.0,83,1575422829,ID,1575414216,1575458026,25200,1633419,200
458,Mayahi,7.67,13.95,802,Clouds,scattered clouds,03n,model,293.62,1013,18,293.62,293.62,1013.0,967.0,3.66,69.0,26,1575422829,NE,1575437946,1575478800,3600,2441194,200
459,Soubre,-6.61,5.79,804,Clouds,overcast clouds,04n,model,296.84,1011,86,296.84,296.84,1011.0,989.0,0.86,185.0,95,1575422829,CI,1575440554,1575483048,0,2598243,200
460,Dossor,52.98,47.52,804,Clouds,overcast clouds,04n,model,270.79,1019,75,270.79,270.79,1019.0,1022.0,3.03,170.0,97,1575422829,KZ,1575431886,1575463105,18000,610023,200
461,Kendari,122.52,-3.99,804,Clouds,overcast clouds,04d,model,302.13,1011,68,302.13,302.13,1011.0,1000.0,1.9,355.0,100,1575422829,ID,1575408595,1575453008,28800,1640344,200
462,Ucluelet,-125.55,48.94,500,Rain,light rain,10n,stations,280.85,1015,100,280.15,281.48,,,3.1,100.0,90,1575422590,CA,1575388634,1575419228,-28800,6171633,200
463,Moindou,165.68,-21.69,804,Clouds,overcast clouds,04d,stations,307.15,1011,38,307.15,307.15,,,6.2,240.0,99,1575422830,NC,1575396371,1575444509,39600,2140466,200
464,Basqal,48.39,40.75,804,Clouds,overcast clouds,04n,stations,277.15,1014,93,277.15,277.15,,,3.6,320.0,90,1575422830,AZ,1575431631,1575465564,14400,587033,200
465,Saquena,-73.52,-4.67,500,Rain,light rain,10n,model,297.09,1009,93,297.09,297.09,1009.0,995.0,1.14,33.0,43,1575422830,PE,1575369168,1575413712,-18000,3692020,200
466,Kampene,26.67,-3.59,500,Rain,light rain,10n,model,292.53,1011,99,292.53,292.53,1011.0,940.0,0.38,207.0,100,1575422830,CD,1575431644,1575475979,7200,214575,200
467,Uvinza,30.39,-5.1,500,Rain,light rain,10n,model,291.71,1011,96,291.71,291.71,1011.0,889.0,1.38,257.0,100,1575422830,TZ,1575430602,1575475235,10800,149050,200
468,Baghmara,86.21,23.8,802,Clouds,scattered clouds,03d,model,286.96,1019,51,286.96,286.96,1019.0,980.0,1.51,315.0,28,1575422830,IN,1575420164,1575458873,19800,1274553,200
469,Mazara del Vallo,12.59,37.65,801,Clouds,few clouds,02n,stations,285.55,1014,87,284.26,288.15,,,2.1,100.0,20,1575422830,IT,1575439709,1575474675,3600,6541759,200
470,Gimli,-96.99,50.63,803,Clouds,broken clouds,04n,model,269.48,1000,92,269.48,269.48,1000.0,972.0,4.19,291.0,78,1575422830,CA,1575382204,1575411945,-21600,5961417,200
471,Port Saint Lucie,-80.35,27.29,800,Clear,clear sky,01n,stations,284.1,1015,58,281.15,286.48,,,1.44,294.0,5,1575422830,US,1575374133,1575412026,-18000,4169171,200
472,Concordia,-58.02,-31.4,802,Clouds,scattered clouds,03n,stations,291.48,1009,53,291.48,291.48,,,2.17,123.0,28,1575422830,AR,1575362418,1575413021,-10800,3435261,200
473,Grandview,-94.53,38.89,800,Clear,clear sky,01n,stations,280.0,1014,74,276.15,282.15,,,3.55,269.0,1,1575422830,US,1575379180,1575413788,-21600,4388460,200
474,Soyo,12.37,-6.13,500,Rain,light rain,10n,model,298.88,1010,82,298.88,298.88,1010.0,1008.0,0.74,274.0,35,1575422830,AO,1575434825,1575479664,3600,2236967,200
475,Sangar,127.47,63.92,804,Clouds,overcast clouds,04d,model,236.38,1038,95,236.38,236.38,1038.0,1024.0,4.92,282.0,100,1575422831,RU,1575420673,1575438553,32400,2017215,200
476,Poronaysk,143.1,49.22,600,Snow,light snow,13d,model,269.04,984,69,269.04,269.04,984.0,978.0,15.67,292.0,68,1575422831,RU,1575410645,1575441076,39600,2121909,200
477,Sabancuy,-91.18,18.97,800,Clear,clear sky,01n,model,295.85,1013,83,295.85,295.85,1013.0,1013.0,2.26,12.0,5,1575422831,MX,1575375775,1575415584,-21600,3520161,200
478,Dzhebariki-Khaya,135.8,62.22,804,Clouds,overcast clouds,04d,model,235.8,1033,99,235.8,235.8,1033.0,998.0,1.16,234.0,100,1575422831,RU,1575417448,1575437779,32400,2024626,200
479,La Mira,-102.33,18.04,800,Clear,clear sky,01n,model,300.04,1012,82,300.04,300.04,1012.0,1001.0,4.35,273.0,3,1575422831,MX,1575378352,1575418361,-21600,4026082,200
480,Torbay,-52.73,47.66,500,Rain,light rain,10n,stations,276.0,995,93,274.82,276.48,,,2.85,220.0,90,1575422831,CA,1575370839,1575402060,-12600,6167817,200
481,Boa Vista,-60.67,2.82,804,Clouds,overcast clouds,04n,stations,302.15,1011,66,302.15,302.15,,,1.5,120.0,86,1575422831,BR,1575366815,1575409896,-14400,3664980,200
482,Urubamba,-72.12,-13.31,521,Rain,shower rain,09n,stations,284.15,1030,81,284.15,284.15,,,1.0,,90,1575422831,PE,1575367960,1575414248,-18000,3926438,200
483,Dolores,-58.22,-33.53,803,Clouds,broken clouds,04n,stations,291.48,1011,63,291.48,291.48,,,0.89,,84,1575422831,UY,1575362156,1575413378,-10800,3442750,200
484,Chingirlau,54.08,51.09,804,Clouds,overcast clouds,04n,model,266.98,1020,44,266.98,266.98,1020.0,1008.0,3.53,150.0,100,1575422831,KZ,1575432517,1575461946,18000,610091,200
485,Itoman,127.67,26.12,803,Clouds,broken clouds,04d,stations,293.99,1024,49,293.71,294.15,,,5.7,50.0,75,1575422832,JP,1575410484,1575448646,32400,1861280,200
486,Fairbanks,-147.72,64.84,600,Snow,light snow,13n,stations,259.49,1013,92,259.15,260.15,,,1.14,24.0,90,1575422774,US,1575401076,1575417430,-32400,5861897,200
487,Gejiu,103.16,23.36,804,Clouds,overcast clouds,04d,model,280.59,1024,94,280.59,280.59,1024.0,827.0,1.78,80.0,100,1575422832,CN,1575416043,1575454855,28800,1810240,200
488,Tutoia,-42.27,-2.76,801,Clouds,few clouds,02n,model,298.09,1010,84,298.09,298.09,1010.0,1003.0,2.72,42.0,21,1575422832,BR,1575361854,1575406022,-10800,3385899,200
489,Guasdualito,-70.73,7.24,802,Clouds,scattered clouds,03n,stations,300.15,1011,83,300.15,300.15,,,1.82,30.0,40,1575422832,VE,1575369663,1575411878,-14400,3689718,200
490,Lethem,-59.8,3.38,803,Clouds,broken clouds,04n,model,301.23,1010,63,301.23,301.23,1010.0,999.0,4.37,84.0,73,1575422832,GY,1575366661,1575409633,-14400,3379316,200
491,Ghanzi,21.65,-21.7,500,Rain,light rain,10n,model,293.46,1012,82,293.46,293.46,1012.0,882.0,8.34,144.0,100,1575422832,BW,1575430940,1575479094,7200,933644,200
492,Puerto del Rosario,-13.86,28.5,802,Clouds,scattered clouds,03n,stations,290.71,1018,88,290.15,291.15,,,3.6,300.0,40,1575422832,ES,1575444764,1575482319,0,2512186,200
493,Kamachumu,31.62,-1.62,803,Clouds,broken clouds,04n,stations,292.15,1015,100,292.15,292.15,,,0.82,256.0,75,1575422832,TZ,1575430649,1575474597,10800,158492,200
494,Jiwani,61.74,25.05,803,Clouds,broken clouds,04n,model,295.95,1016,62,295.95,295.95,1016.0,1015.0,5.16,16.0,65,1575422832,PK,1575426186,1575464599,18000,1175712,200
495,Karratha,116.85,-20.74,800,Clear,clear sky,01d,model,302.99,1009,61,302.99,302.99,1009.0,1009.0,0.12,318.0,0,1575422832,AU,1575408201,1575456124,28800,6620339,200
496,Barcelos,-62.93,-0.97,500,Rain,light rain,10n,model,298.31,1008,83,298.31,298.31,1008.0,1003.0,0.73,81.0,79,1575422832,BR,1575366988,1575410807,-14400,3665098,200
497,Stephenville,-58.59,48.55,500,Rain,light rain,10n,stations,275.11,988,84,274.82,275.37,,,8.7,60.0,90,1575422832,CA,1575372455,1575403257,-12600,6156244,200
498,Chegdomyn,133.04,51.13,600,Snow,light snow,13d,model,252.4,1015,97,252.4,252.4,1015.0,957.0,0.42,259.0,100,1575422833,RU,1575413560,1575442991,36000,2025579,200
499,Kurilsk,147.88,45.23,600,Snow,light snow,13d,model,267.97,1001,69,267.97,267.97,1001.0,984.0,16.48,258.0,100,1575422833,RU,1575408592,1575440835,36000,2123979,200
500,Oktyabrskoye,85.44,56.73,620,Snow,light shower snow,13n,stations,268.15,1024,92,268.15,268.15,,,5.0,230.0,75,1575422833,RU,1575426821,1575452585,25200,1511846,200
501,Kharopon,23.38,41.27,601,Snow,snow,13n,stations,279.82,1022,92,279.82,279.82,,,1.79,354.0,100,1575422833,GR,1575437730,1575471473,7200,735794,200
502,North Bend,-124.22,43.41,800,Clear,clear sky,01n,stations,283.96,1018,87,283.71,284.26,,,0.97,29.0,1,1575422833,US,1575387116,1575420108,-28800,5742974,200
503,Rawson,-65.11,-43.3,500,Rain,light rain,10n,model,283.79,1015,82,283.79,283.79,1015.0,1014.0,15.78,158.0,99,1575422833,AR,1575362105,1575416737,-10800,3839307,200
504,Port-Cartier,-66.88,50.03,804,Clouds,overcast clouds,04n,stations,270.15,995,45,270.15,270.15,,,3.1,360.0,90,1575422833,CA,1575374814,1575404878,-18000,6111696,200
505,Denpasar,115.22,-8.65,802,Clouds,scattered clouds,03d,stations,304.15,1010,74,304.15,304.15,,,1.5,,40,1575422719,ID,1575409883,1575455224,28800,1645528,200
506,Olds,-114.11,51.79,803,Clouds,broken clouds,04n,stations,269.15,1006,92,269.15,269.15,,,2.6,170.0,75,1575422833,CA,1575386635,1575415733,-25200,6093347,200
507,Darhan,105.92,49.49,800,Clear,clear sky,01d,model,256.3,1039,81,256.3,256.3,1039.0,936.0,1.49,178.0,0,1575422833,MN,1575419644,1575449929,28800,2031964,200
508,Saryozek,77.98,44.36,803,Clouds,broken clouds,04n,model,274.3,1024,61,274.3,274.3,1024.0,913.0,3.07,126.0,51,1575422833,KZ,1575425202,1575457785,21600,1519580,200
509,Kudahuvadhoo,72.89,2.67,501,Rain,moderate rain,10d,model,301.04,1009,73,301.04,301.04,1009.0,1009.0,0.81,149.0,54,1575422833,MV,1575421162,1575464270,18000,1337607,200
510,Marsh Harbour,-77.06,26.54,801,Clouds,few clouds,02n,model,293.63,1013,52,293.63,293.63,1013.0,1013.0,1.88,252.0,17,1575422833,BS,1575373252,1575411329,-18000,3571913,200
511,Norman Wells,-126.83,65.28,600,Snow,light snow,13n,stations,252.15,1018,83,252.15,252.15,,,5.1,280.0,90,1575422834,CA,1575396477,1575411999,-25200,6089245,200
512,Mujiayingzi,118.78,42.12,803,Clouds,broken clouds,04d,model,262.74,1033,73,262.74,262.74,1033.0,932.0,1.71,8.0,55,1575422834,CN,1575414972,1575448426,28800,2035707,200
513,Touros,-35.46,-5.2,802,Clouds,scattered clouds,03n,stations,299.15,1012,78,299.15,299.15,,,3.6,150.0,40,1575422744,BR,1575359980,1575404627,-10800,3386213,200
514,Inhambane,35.38,-23.87,800,Clear,clear sky,01n,model,299.55,1012,87,299.55,299.55,1012.0,1011.0,5.97,174.0,1,1575422834,MZ,1575427386,1575476055,7200,1045114,200
515,Sola,33.8,-3.17,500,Rain,light rain,10n,model,291.73,1010,91,291.73,291.73,1010.0,866.0,2.83,359.0,100,1575422834,TZ,1575429974,1575474226,10800,151211,200
516,Gorontalo,123.06,0.54,804,Clouds,overcast clouds,04d,model,300.87,1010,73,300.87,300.87,1010.0,998.0,0.67,355.0,100,1575422834,ID,1575408909,1575452434,28800,1643837,200
517,Millinocket,-68.71,45.66,600,Snow,light snow,13n,stations,270.57,992,74,268.71,273.15,,,4.6,350.0,90,1575422834,US,1575374237,1575406334,-18000,4972220,200
518,Gombong,109.31,-7.19,800,Clear,clear sky,01d,model,299.97,1011,76,299.97,299.97,1011.0,993.0,2.45,171.0,0,1575422834,ID,1575411449,1575456496,25200,1649595,200
519,Goderich,-81.71,43.74,600,Snow,light snow,13n,stations,273.57,999,92,271.48,275.93,,,4.92,234.0,100,1575422834,CA,1575376970,1575409843,-18000,5962442,200
520,Erzin,36.2,36.95,801,Clouds,few clouds,02n,stations,280.61,1018,100,278.15,282.59,,,1.5,100.0,20,1575422834,TR,1575433928,1575469119,10800,296852,200
521,Qasigiannguit,-51.19,68.82,620,Snow,light shower snow,13n,stations,262.15,984,78,262.15,262.15,,,11.3,100.0,75,1575422835,GL,0,0,-10800,3420768,200
522,Ola,151.3,59.58,804,Clouds,overcast clouds,04d,model,252.85,1010,84,252.85,252.85,1010.0,998.0,7.16,23.0,93,1575422835,RU,1575412241,1575435544,39600,2122574,200
523,Novomikhaylovskiy,38.86,44.26,600,Snow,light snow,13n,model,273.97,1021,90,273.97,273.97,1021.0,988.0,0.67,349.0,100,1575422835,RU,1575434578,1575467192,10800,518585,200
524,Bolivar,-93.41,37.61,800,Clear,clear sky,01n,stations,278.9,1013,60,277.59,279.82,,,2.1,270.0,1,1575422625,US,1575378704,1575413726,-21600,4377835,200
525,Winsum,6.52,53.33,701,Mist,mist,50n,stations,277.66,1023,93,275.93,279.26,,,4.6,210.0,90,1575422835,NL,1575444597,1575472701,3600,2744337,200
526,Kilindoni,39.67,-7.91,801,Clouds,few clouds,02n,model,300.87,1009,71,300.87,300.87,1009.0,1009.0,2.35,63.0,21,1575422835,TZ,1575428094,1575473288,10800,157429,200
527,Lompoc,-120.46,34.64,500,Rain,light rain,10n,stations,287.65,1014,67,285.37,289.15,,,1.5,260.0,90,1575422826,US,1575384748,1575420669,-28800,5367788,200
528,Mareeba,145.42,-16.99,804,Clouds,overcast clouds,04d,stations,305.36,1010,66,304.15,306.48,,,3.6,10.0,96,1575422835,AU,1575401763,1575448845,36000,2158767,200
529,Wanning,13.53,48.64,803,Clouds,broken clouds,04n,stations,269.68,1027,100,268.71,270.93,,,1.0,50.0,57,1575422835,AT,1575441626,1575472306,3600,3220813,200
530,Pevek,170.27,69.7,804,Clouds,overcast clouds,04n,model,258.97,1033,80,258.97,258.97,1033.0,1030.0,2.61,33.0,100,1575422836,RU,0,0,43200,2122090,200
531,Khonsa,95.51,26.99,800,Clear,clear sky,01d,model,284.67,1018,83,284.67,284.67,1018.0,917.0,1.48,144.0,0,1575422836,IN,1575418312,1575456259,19800,1266668,200
532,Buala,159.59,-8.15,500,Rain,light rain,10d,model,302.08,1010,75,302.08,302.08,1010.0,1001.0,3.14,91.0,77,1575422836,SB,1575399283,1575444521,39600,2109528,200
533,Opuwo,13.84,-18.06,804,Clouds,overcast clouds,04n,model,293.49,1010,49,293.49,293.49,1010.0,871.0,0.76,270.0,97,1575422836,NA,1575433229,1575480555,7200,3354077,200
534,Belmonte,-7.35,40.36,801,Clouds,few clouds,02n,stations,276.37,1015,83,274.26,278.15,,,1.63,113.0,16,1575422836,PT,1575444949,1575479008,0,8010472,200
535,Tiarei,-149.33,-17.53,801,Clouds,few clouds,02d,stations,304.15,1011,66,304.15,304.15,,,4.6,30.0,20,1575422836,PF,1575386042,1575433237,-36000,4033356,200
536,Najran,44.22,17.54,800,Clear,clear sky,01n,stations,287.15,1019,47,287.15,287.15,,,0.7,40.0,0,1575422836,SA,1575429548,1575469649,10800,103630,200
537,Namatanai,152.44,-3.66,500,Rain,light rain,10d,model,302.51,1010,69,302.51,302.51,1010.0,1009.0,2.36,111.0,75,1575422836,PG,1575401445,1575445792,36000,2090021,200
538,Wanaka,169.14,-44.7,501,Rain,moderate rain,10d,stations,282.04,991,88,282.04,282.04,,,0.45,89.0,100,1575422836,NZ,1575391981,1575447238,46800,2184707,200
539,Pilar,-58.91,-34.46,500,Rain,light rain,10n,stations,291.19,1009,72,289.82,294.15,,,2.1,360.0,54,1575422563,AR,1575362181,1575413684,-10800,3427208,200
540,Port Augusta,137.76,-32.49,800,Clear,clear sky,01d,stations,293.15,1017,64,293.15,293.15,,,4.1,120.0,7,1575422836,AU,1575401673,1575452612,37800,2063056,200
541,Kandi,2.93,11.13,800,Clear,clear sky,01n,model,295.78,1011,23,295.78,295.78,1011.0,978.0,1.52,63.0,0,1575422836,BJ,1575438796,1575480226,3600,2393693,200
542,Arman,150.17,59.7,804,Clouds,overcast clouds,04d,model,258.66,1011,83,258.66,258.66,1011.0,1008.0,11.2,18.0,100,1575422836,RU,1575412572,1575435755,39600,2127060,200
543,Cochabamba,-66.16,-17.39,803,Clouds,broken clouds,04n,stations,294.15,1018,46,294.15,294.15,,,2.1,150.0,75,1575422742,BO,1575366094,1575413253,-14400,3919968,200
544,Kupang,123.6,-10.16,801,Clouds,few clouds,02d,stations,303.15,1011,70,303.15,303.15,,,3.6,300.0,20,1575422837,ID,1575407719,1575453365,28800,2057087,200
545,Nouadhibou,-17.03,20.93,800,Clear,clear sky,01n,stations,291.15,1017,82,291.15,291.15,,,6.7,10.0,0,1575422837,MR,1575444625,1575483980,0,2377457,200
